"order_item_id","order_id","product_id","variation_id","customer_id","date_created","product_qty","product_net_revenue","product_gross_revenue","coupon_amount","tax_amount","shipping_amount","shipping_tax_amount"
"204","242057","6711","226202","12","2023-03-12 18:26:47","1","1631","1631","0","0","0","0"
"205","242423","240197","240199","13","2023-03-14 20:03:46","1","1015","1015","0","0","0","0"
"213","242463","228312","228324","18","2023-03-16 12:00:46","1","1130","1130","0","0","0","0"
"214","242570","240104","240107","19","2023-03-16 18:48:22","1","1100","1100","0","0","0","0"
"215","242817","6790","226327","20","2023-03-17 18:15:49","1","980","980","0","0","0","0"
"216","242818","227776","227780","20","2023-03-17 18:17:15","1","1675","1675","0","0","0","0"
"217","242819","226899","226901","20","2023-03-17 18:18:49","1","805","805","0","0","0","0"
"219","243177","6711","226197","22","2023-03-20 10:45:28","1","980","980","0","0","0","0"
"220","243247","6790","226333","23","2023-03-20 13:02:26","1","980","980","0","0","0","0"
"221","243248","6790","226332","23","2023-03-20 13:04:23","1","1631","1631","0","0","0","0"
"222","244417","240213","240216","25","2023-03-23 15:21:26","1","930","930","0","0","0","0"
"223","244431","240213","240216","26","2023-03-24 10:39:42","1","930","930","0","0","0","0"
"224","244457","238179","238196","27","2023-03-25 19:55:44","1","1281.5","1281.5","0","0","0","0"
"226","244501","242439","242444","29","2023-03-27 10:03:38","2","1270","1270","0","0","0","0"
"227","244538","227776","227781","30","2023-03-27 14:16:06","1","1675","1675","0","0","0","0"
"228","244541","5991","226304","31","2023-03-27 20:52:31","1","890","890","0","0","0","0"
"229","244542","5991","226304","32","2023-03-27 20:52:40","1","890","890","0","0","0","0"
"231","244547","242606","242694","34","2023-03-28 19:59:54","1","1505","1505","0","0","0","0"
"232","244548","228447","228457","35","2023-03-28 21:41:50","1","770","770","0","0","0","0"
"233","244549","232007","232012","36","2023-03-29 17:42:30","1","769","769","0","0","0","0"
"234","244551","231805","231816","37","2023-03-30 21:24:00","1","826.5","826.5","0","0","0","0"
"235","244580","231953","231960","38","2023-04-02 10:03:24","1","684","684","0","0","0","0"
"236","244581","231805","231816","40","2023-04-02 21:36:49","1","826.5","826.5","0","0","0","0"
"239","244607","243434","243445","43","2023-04-04 17:29:29","1","2391","2391","0","0","0","0"
"241","244629","232249","232251","45","2023-04-05 19:39:22","1","2999","2999","0","0","0","0"
"242","244645","231805","231812","46","2023-04-07 17:17:48","1","734","734","0","0","0","0"
"243","244648","242439","242444","47","2023-04-09 18:00:18","1","635","635","0","0","0","0"
"244","244649","240036","240051","48","2023-04-11 19:24:40","1","1530","1530","0","0","0","0"
"245","244651","239478","239487","39","2023-04-13 18:26:00","1","2570","2570","0","0","0","0"
"246","244653","243262","243368","50","2023-04-15 09:51:25","1","2556","2556","0","0","0","0"
"248","244656","6711","226201","51","2023-04-19 23:17:22","2","1530","1530","0","0","0","0"
"250","244706","240099","240101","52","2023-04-21 21:57:47","1","880","880","0","0","0","0"
"252","244710","243475","243477","54","2023-04-24 14:25:31","1","2675","2675","0","0","0","0"
"253","244711","239544","239554","54","2023-04-24 14:28:53","1","2615","2615","0","0","0","0"
"254","244712","240710","240712","53","2023-04-24 19:07:00","1","2050","2050","0","0","0","0"
"256","244747","238306","238316","56","2023-05-01 15:05:41","1","955","955","0","0","0","0"
"292","244790","238116","238122","58","2023-05-08 10:32:44","1","624","624","0","0","0","0"
"294","244792","238116","238122","58","2023-05-08 10:34:49","1","624","624","0","0","0","0"
"295","244793","238116","238122","58","2023-05-08 10:35:48","1","624","624","0","0","0","0"
"305","245202","228578","228604","62","2023-05-11 00:47:05","1","2145","2145","0","0","0","0"
"307","245206","240036","240051","61","2023-05-11 15:04:35","1","1540","1540","0","0","0","0"
"308","245214","240877","240878","62","2023-05-12 21:57:38","1","2017.98","2017.98","0","0","0","0"
"310","245235","234995","235008","64","2023-05-21 15:51:17","1","595","595","0","0","0","0"
"311","245236","234863","234880","64","2023-05-21 15:54:33","2","1116","1116","0","0","0","0"
"312","245237","232249","232250","65","2023-05-21 19:11:17","1","3024","3024","0","0","0","0"
"313","245242","231953","231960","66","2023-05-22 09:47:34","1","684","684","0","0","0","0"
"315","245244","225173","226190","69","2023-05-22 12:09:19","1","638","638","0","0","0","0"
"316","245434","232202","232205","70","2023-05-27 15:53:26","1","819","819","0","0","0","0"
"319","245514","239620","239621","71","2023-06-04 15:55:17","1","860","860","0","0","0","0"
"320","245535","237427","237428","74","2023-06-05 00:07:51","1","1221","1221","0","0","0","0"
"322","245556","231805","231810","76","2023-06-06 14:44:55","1","879","879","0","0","0","0"
"323","245560","231953","231960","75","2023-06-06 17:02:50","1","734","734","0","0","0","0"
"324","245564","238215","238225","77","2023-06-07 16:37:31","1","1334","1334","0","0","0","0"
"325","245565","243262","243369","33","2023-06-08 12:01:38","1","1910","1910","0","0","0","0"
"327","245567","6711","226205","78","2023-06-09 17:19:32","2","1680","1680","0","0","0","0"
"329","245574","242692","242755","81","2023-06-18 21:45:45","1","920","920","0","0","0","0"
"331","245578","232078","232087","83","2023-06-21 10:52:18","1","924","924","0","0","0","0"
"332","245594","6469","226366","84","2023-06-22 10:30:11","1","2175","2175","0","0","0","0"
"333","245595","6469","226366","84","2023-06-22 10:51:15","1","2175","2175","0","0","0","0"
"335","245598","243887","243889","85","2023-06-22 19:15:43","1","2848","2848","0","0","0","0"
"336","245814","231911","231920","86","2023-06-26 15:47:27","1","684","684","0","0","0","0"
"337","245903","240178","240180","87","2023-06-29 13:50:22","1","565","565","0","0","0","0"
"360","245924","232078","232087","102","2023-07-03 15:50:04","1","836.5","836.5","0","0","0","0"
"409","246556","238489","238490","130","2023-09-01 21:45:30","1","1160.56","1160.56","0","0","0","0"
"411","246561","243907","243928","131","2023-09-10 14:08:49","2","1844","1844","0","0","0","0"
"413","246562","238489","238491","132","2023-09-10 18:31:04","1","1164","1164","0","0","0","0"
"415","246563","227829","227830","132","2023-09-10 18:48:11","1","1885","1885","0","0","0","0"
"417","246572","227797","227798","132","2023-09-13 20:21:21","1","1465","1465","0","0","0","0"
"421","246613","227786","227787","132","2023-09-16 12:23:19","1","1045","1045","0","0","0","0"
"423","246640","226836","226840","134","2023-09-20 15:35:55","1","685","685","0","0","0","0"
"425","246652","226731","226748","135","2023-09-24 20:34:04","1","665","665","0","0","0","0"
"430","249388","225173","247534","143","2023-11-21 18:23:16","1","898","898","0","0","0","0"
"504","250894","246938","247147","132","2024-01-07 18:42:44","1","1537","1537","0","0","0","0"
"508","250896","249838","249884","146","2024-01-07 21:50:48","1","885","885","0","0","0","0"
"509","250960","247003","247100","147","2024-01-08 15:33:24","1","1615","1615","0","0","0","0"
"510","250968","250367","250368","147","2024-01-08 22:50:03","1","2493.75","2493.75","0","0","0","0"
"560","251893","250726","250729","154","2024-01-28 10:42:42","1","1586.5","1586.5","0","0","0","0"
"561","251894","250726","250729","155","2024-01-29 08:10:29","2","3306.6","3306.6","0","0","0","0"
"562","251895","247270","247273","156","2024-01-29 10:23:16","1","1104.06","1104.06","0","0","0","0"
"563","251921","249838","249888","35","2024-01-30 14:31:32","2","1770","1770","0","0","0","0"
"565","252055","249255","249258","158","2024-02-02 13:20:13","1","823","823","0","0","0","0"
"567","252056","249255","249258","158","2024-02-02 13:22:24","1","890","890","0","0","0","0"
"587","252079","227626","249178","162","2024-02-04 16:53:00","1","636.02","636.02","0","0","0","0"
"590","252368","249343","249345","166","2024-02-11 16:20:10","1","1363.02","1363.02","0","0","0","0"
"606","252389","249765","249778","170","2024-02-12 22:14:30","2","1350","1350","0","0","0","0"
"618","252404","246938","247146","166","2024-02-13 10:24:51","1","1308.32","1308.32","0","0","0","0"
"621","252434","236655","236656","175","2024-02-14 10:02:32","1","593","593","0","0","0","0"
"642","252465","227852","227853","12","2024-02-16 20:05:23","1","1780","1780","0","0","0","0"
"644","252475","239877","239881","180","2024-02-19 15:09:07","1","1634","1634","0","0","0","0"
"645","252476","226630","247289","182","2024-02-20 07:48:02","1","805","805","0","0","0","0"
"648","252479","251793","251794","185","2024-02-21 09:32:02","1","1134.5","1134.5","0","0","0","0"
"657","252504","6835","226360","187","2024-02-21 21:05:13","1","1789","1789","0","0","0","0"
"658","252561","6469","226366","188","2024-02-23 18:57:17","1","2165","2165","0","0","0","0"
"659","252562","250921","250922","188","2024-02-23 18:59:23","1","2270.88","2270.88","0","0","0","0"
"660","252574","251793","251794","185","2024-02-24 17:36:07","1","1193.9","1193.9","0","0","0","0"
"661","252575","240056","240057","71","2024-02-27 20:29:30","1","995","995","0","0","0","0"
"663","252576","239347","239348","191","2024-02-28 21:06:04","1","961","961","0","0","0","0"
"664","252577","240155","240164","192","2024-02-28 21:57:23","1","613.8","613.8","0","0","0","0"
"665","252578","240877","240878","193","2024-02-29 19:46:16","1","2180","2180","0","0","0","0"
"667","252580","246951","247149","195","2024-03-02 15:51:33","1","1785","1785","0","0","0","0"
"668","252581","240877","240878","196","2024-03-02 15:56:20","1","1795.5","1795.5","0","0","0","0"
"669","252582","251188","251190","197","2024-03-03 14:26:38","1","1749","1749","0","0","0","0"
"671","252583","251169","251170","198","2024-03-03 18:13:58","1","1749","1749","0","0","0","0"
"673","252584","251169","251170","199","2024-03-03 18:14:00","1","1749","1749","0","0","0","0"
"675","252585","251188","251190","200","2024-03-03 22:55:10","1","1749","1749","0","0","0","0"
"677","252754","252521","252522","201","2024-03-06 07:31:03","1","688.75","688.75","0","0","0","0"
"678","252786","250010","250011","203","2024-03-07 01:45:49","1","1850","1850","0","0","0","0"
"679","252787","247329","247331","204","2024-03-07 08:55:24","1","861","861","0","0","0","0"
"680","252788","225173","247532","205","2024-03-07 13:32:12","2","1344","1344","0","0","0","0"
"681","252799","249577","249644","206","2024-03-07 15:44:42","1","3581.5","3581.5","0","0","0","0"
"682","252800","232249","249486","165","2024-03-07 16:50:14","1","3455.96","3455.96","0","0","0","0"
"683","252801","244614","244617","207","2024-03-07 19:49:31","1","1499","1499","0","0","0","0"
"687","252809","237361","248309","211","2024-03-09 16:58:47","2","2760","2760","0","0","0","0"
"688","252810","236655","236656","212","2024-03-09 22:19:01","1","494","494","0","0","0","0"
"689","252811","226630","247288","213","2024-03-10 11:41:21","1","1709.76","1709.76","0","0","0","0"
"690","252812","243744","251005","214","2024-03-10 23:45:44","1","1870.96","1870.96","0","0","0","0"
"691","252814","226817","226822","215","2024-03-12 09:47:05","1","657.28","657.28","0","0","0","0"
"693","252816","251284","251285","216","2024-03-13 10:25:12","1","1045","1045","0","0","0","0"
"694","252836","227755","227759","217","2024-03-13 22:17:46","1","783.02","783.02","0","0","0","0"
"695","252850","252571","252573","218","2024-03-14 21:15:24","1","2170.5","2170.5","0","0","0","0"
"696","252851","238704","238710","219","2024-03-15 21:18:07","1","730.38","730.38","0","0","0","0"
"697","252855","251314","251316","221","2024-03-19 14:04:42","1","1115","1115","0","0","0","0"
"699","252892","234975","234982","222","2024-03-22 11:03:44","1","558","558","0","0","0","0"
"700","252896","240060","240061","223","2024-03-23 09:55:20","1","1042","1042","0","0","0","0"
"701","252897","6744","226246","224","2024-03-24 11:08:55","1","991.16","991.16","0","0","0","0"
"702","252898","238742","247559","225","2024-03-24 16:47:10","1","818.74","818.74","0","0","0","0"
"703","252899","240877","240879","225","2024-03-24 17:04:51","1","2075.5","2075.5","0","0","0","0"
"704","252900","5913","226156","225","2024-03-25 12:39:49","1","1925.7","1925.7","0","0","0","0"
"705","252902","251915","251916","226","2024-03-28 23:09:13","1","2033","2033","0","0","0","0"
"706","252907","237311","237313","227","2024-03-29 12:05:32","1","758.68","758.68","0","0","0","0"
"707","252908","5991","226307","228","2024-03-29 14:17:53","2","4210","4210","0","0","0","0"
"709","252909","5991","226308","228","2024-03-29 14:38:00","2","3990","3990","0","0","0","0"
"711","252911","250613","250636","229","2024-03-30 11:14:07","1","1710","1710","0","0","0","0"
"713","252912","6711","226198","230","2024-03-30 16:19:34","2","1489.6","1489.6","0","0","0","0"
"714","252913","251915","251916","226","2024-03-30 23:42:11","1","2033","2033","0","0","0","0"
"715","252914","252024","252026","232","2024-04-01 10:44:49","1","2053","2053","0","0","0","0"
"717","252915","242627","242628","233","2024-04-02 09:39:50","1","2532","2532","0","0","0","0"
"718","252916","227755","227759","234","2024-04-02 10:53:08","1","783.02","783.02","0","0","0","0"
"719","252932","238023","238057","235","2024-04-02 21:24:17","1","1391.2","1391.2","0","0","0","0"
"720","252933","247606","247607","232","2024-04-03 13:14:21","1","2557.36","2557.36","0","0","0","0"
"722","252934","251299","251317","236","2024-04-03 21:53:24","1","1245","1245","0","0","0","0"
"723","252935","241195","241196","238","2024-04-04 16:50:26","1","2906","2906","0","0","0","0"
"725","252939","252469","252470","239","2024-04-06 13:16:22","1","2430","2430","0","0","0","0"
"726","252940","232227","249483","237","2024-04-06 18:26:58","1","3414","3414","0","0","0","0"
"727","252941","236655","236678","240","2024-04-07 13:33:33","1","494","494","0","0","0","0"
"728","252942","226817","226833","241","2024-04-07 16:26:45","1","1155","1155","0","0","0","0"
"729","252943","226063","226078","242","2024-04-08 10:53:59","1","2913.57","2913.57","0","0","0","0"
"730","252945","227755","251003","243","2024-04-11 14:57:26","1","832.02","832.02","0","0","0","0"
"732","252955","227755","251003","245","2024-04-12 19:02:01","1","799","799","0","0","0","0"
"733","252957","250710","250711","246","2024-04-16 09:26:33","2","2739","2739","0","0","0","0"
"734","252961","226630","226666","247","2024-04-17 14:02:33","1","756.7","756.7","0","0","0","0"
"735","252962","251143","251146","250","2024-04-18 15:14:09","1","799","799","0","0","0","0"
"736","252963","249372","249373","250","2024-04-18 15:18:32","1","799","799","0","0","0","0"
"737","252966","250903","250905","252","2024-04-19 15:26:53","1","2347.24","2347.24","0","0","0","0"
"739","252967","250726","250733","253","2024-04-20 17:26:41","1","860","860","0","0","0","0"
"740","252968","239481","239511","254","2024-04-21 22:27:53","1","1251.2","1251.2","0","0","0","0"
"741","252985","250980","250981","255","2024-04-23 16:21:29","1","2207.96","2207.96","0","0","0","0"
"743","252986","240060","240062","256","2024-04-23 22:39:14","1","995","995","0","0","0","0"
"744","252987","247493","247501","257","2024-04-24 02:06:51","1","839","839","0","0","0","0"
"745","252989","232227","245209","258","2024-04-25 18:06:56","1","3299","3299","0","0","0","0"
"746","252990","238437","247468","257","2024-04-26 04:20:31","1","869","869","0","0","0","0"
"747","252995","249577","249645","218","2024-04-26 16:16:24","1","3770","3770","0","0","0","0"
"748","252996","226817","226824","259","2024-04-28 11:48:35","1","771.44","771.44","0","0","0","0"
"749","252998","252042","252044","261","2024-04-30 18:24:27","1","2401","2401","0","0","0","0"
"750","252999","232227","249484","262","2024-04-30 18:59:43","1","3348","3348","0","0","0","0"
"751","253000","252013","252014","263","2024-05-01 11:21:23","1","1453.5","1453.5","0","0","0","0"
"752","253001","247505","247510","264","2024-05-01 15:43:53","1","787.9","787.9","0","0","0","0"
"753","253003","251062","251063","265","2024-05-03 13:22:35","1","799","799","0","0","0","0"
"754","253005","241211","241223","266","2024-05-05 18:11:57","2","2408","2408","0","0","0","0"
"755","253006","227755","227759","267","2024-05-05 22:09:47","2","1664.04","1664.04","0","0","0","0"
"756","253007","252048","252049","268","2024-05-06 20:48:18","1","3843","3843","0","0","0","0"
"757","253008","226968","226969","260","2024-05-08 11:34:19","2","2540","2540","0","0","0","0"
"758","253009","251191","251192","269","2024-05-08 20:19:13","1","1749","1749","0","0","0","0"
"759","253010","251191","251192","270","2024-05-08 20:30:23","1","1749","1749","0","0","0","0"
"760","253011","6790","226328","271","2024-05-10 22:18:01","1","784","784","0","0","0","0"
"761","253014","250674","250705","273","2024-05-18 13:37:57","1","1415","1415","0","0","0","0"
"763","253015","6711","226193","274","2024-05-18 14:45:38","2","2612.48","2612.48","0","0","0","0"
"764","253016","238026","238027","275","2024-05-19 11:37:13","2","2772","2772","0","0","0","0"
"766","253017","6711","226194","276","2024-05-20 13:11:06","1","893.36","893.36","0","0","0","0"
"769","253019","226708","226717","277","2024-05-20 21:37:54","1","702","702","0","0","0","0"
"771","253020","247505","247512","35","2024-05-21 10:54:56","2","1676","1676","0","0","0","0"
"773","253021","6711","226194","276","2024-05-21 14:28:01","1","893.36","893.36","0","0","0","0"
"775","253049","240877","240879","278","2024-05-23 21:58:47","1","1890","1890","0","0","0","0"
"776","253112","248217","248219","279","2024-05-25 17:13:48","2","2074.24","2074.24","0","0","0","0"
"778","253114","240166","240170","280","2024-05-26 15:04:39","1","613.8","613.8","0","0","0","0"
"779","253117","227747","251015","279","2024-05-28 10:08:11","2","1396","1396","0","0","0","0"
"780","253118","247493","247494","282","2024-05-28 14:27:19","1","783","783","0","0","0","0"
"782","253119","232227","249483","283","2024-05-29 12:03:13","1","3373","3373","0","0","0","0"
"783","253122","250527","250529","285","2024-05-29 18:11:16","1","1440.8","1440.8","0","0","0","0"
"784","253132","226968","226970","288","2024-05-30 20:41:51","1","915","915","0","0","0","0"
"785","253166","6711","226200","289","2024-06-01 20:38:20","2","1552.32","1552.32","0","0","0","0"
"786","253177","239604","239606","290","2024-06-02 18:16:19","1","995","995","0","0","0","0"
"787","253178","250726","250733","291","2024-06-03 14:05:05","1","1004.4","1004.4","0","0","0","0"
"788","253180","6711","226198","293","2024-06-03 20:52:20","2","1630.72","1630.72","0","0","0","0"
"789","253181","243744","243746","294","2024-06-04 09:30:49","1","1870.96","1870.96","0","0","0","0"
"790","253183","226067","252820","295","2024-06-04 16:39:40","1","553.8","553.8","0","0","0","0"
"791","253196","251229","251232","296","2024-06-05 20:09:55","1","1175","1175","0","0","0","0"
"792","253197","226063","226078","297","2024-06-05 22:53:48","1","2943","2943","0","0","0","0"
"793","253204","232249","249487","298","2024-06-14 14:19:00","1","3455.96","3455.96","0","0","0","0"
"794","253205","226968","226970","299","2024-06-17 07:01:30","1","1215","1215","0","0","0","0"
"795","253215","226968","226969","300","2024-06-19 06:14:56","2","2503.2","2503.2","0","0","0","0"
"796","253231","227852","227854","301","2024-06-19 18:16:32","1","2675","2675","0","0","0","0"
"797","253232","252946","252949","300","2024-06-19 20:28:23","2","3480","3480","0","0","0","0"
"798","253237","239966","239968","302","2024-06-21 19:18:26","1","1242","1242","0","0","0","0"
"799","253238","226968","226969","303","2024-06-23 00:04:30","1","1215","1215","0","0","0","0"
"800","253242","6841","226350","304","2024-06-29 16:42:09","1","1747","1747","0","0","0","0"
"801","253306","240184","240188","305","2024-07-01 20:34:26","1","613.8","613.8","0","0","0","0"
"802","253362","226968","226969","306","2024-07-08 18:29:27","1","1251.6","1251.6","0","0","0","0"
"804","253381","252533","252534","307","2024-07-15 08:02:04","1","2413","2413","0","0","0","0"
"805","253387","251188","251190","308","2024-07-29 10:20:40","1","1749","1749","0","0","0","0"
"806","253388","226731","226747","311","2024-08-15 10:53:48","1","702","702","0","0","0","0"
"808","253392","252302","252319","188","2024-08-26 22:21:17","1","841.5","841.5","0","0","0","0"
"809","253560","252533","252534","312","2024-08-30 11:15:39","1","2941.6","2941.6","0","0","0","0"
"811","253593","226731","226747","132","2024-09-07 10:58:13","1","767","767","0","0","0","0"
"813","253596","253443","253444","313","2024-09-07 15:33:43","1","635","635","0","0","0","0"
"814","253597","252352","252353","313","2024-09-07 15:42:20","1","720","720","0","0","0","0"
"815","253606","252352","252353","313","2024-09-09 11:54:38","1","687.5","687.5","0","0","0","0"
"816","253607","253047","253048","315","2024-09-09 13:38:55","1","1265","1265","0","0","0","0"
"817","253861","253443","253445","316","2024-09-18 09:56:24","1","1053","1053","0","0","0","0"
"819","254224","226731","226747","317","2024-09-24 17:16:07","1","632","632","0","0","0","0"
"821","254365","253414","253432","227","2024-10-08 09:28:32","1","822.8","822.8","0","0","0","0"
"822","254366","253414","253432","227","2024-10-08 09:38:37","1","862","862","0","0","0","0"
"823","254962","253682","253706","320","2024-11-12 21:34:54","1","1283.25","1283.25","0","0","0","0"
"824","255563","227612","254512","312","2024-11-18 15:18:10","1","2103.96","2103.96","0","0","0","0"
"825","255564","253868","253869","312","2024-11-19 10:55:41","1","2244.8","2244.8","0","0","0","0"
"827","255574","246991","247113","312","2024-11-19 16:51:47","1","2418.88","2418.88","0","0","0","0"
"829","255668","253909","253910","321","2024-11-26 16:02:19","1","1993.1","1993.1","0","0","0","0"
"830","255904","254591","254592","322","2024-12-05 20:33:34","1","685.02","685.02","0","0","0","0"
"831","255966","255573","255576","323","2024-12-17 09:37:52","1","1229.1","1229.1","0","0","0","0"
"832","256017","247109","247117","324","2024-12-18 13:53:11","1","1131","1131","0","0","0","0"
"833","256258","249961","249962","325","2024-12-23 12:31:45","1","1190","1190","0","0","0","0"
"834","256281","254255","254256","326","2024-12-27 09:10:27","1","1144.92","1144.92","0","0","0","0"
"835","256282","235396","255768","327","2024-12-29 19:28:22","2","1483.2","1483.2","0","0","0","0"
"837","256321","234863","255843","170","2025-01-03 22:41:45","1","720","720","0","0","0","0"
"839","256322","234975","234978","170","2025-01-03 22:43:37","1","720","720","0","0","0","0"
"841","256366","253827","253828","329","2025-01-07 22:49:21","2","2883.4","2883.4","0","0","0","0"
"842","256373","226708","255884","330","2025-01-10 18:12:37","1","665","665","0","0","0","0"
"844","256374","226850","226855","330","2025-01-10 18:16:48","1","625","625","0","0","0","0"
"846","256375","255852","255853","331","2025-01-10 18:34:59","1","2720","2720","0","0","0","0"
"847","256447","255614","255616","332","2025-01-14 22:47:55","1","1157.8","1157.8","0","0","0","0"
"848","256502","232227","254567","333","2025-01-16 22:21:19","1","3619","3619","0","0","0","0"
"849","256503","249372","254560","334","2025-01-18 16:53:20","1","783.02","783.02","0","0","0","0"
"850","256585","254341","254342","335","2025-01-22 16:23:37","1","565","565","0","0","0","0"
"851","256591","249287","249288","336","2025-01-22 22:48:46","1","1175.02","1175.02","0","0","0","0"
"855","256632","248537","248538","336","2025-01-29 15:08:55","1","1239.5","1239.5","0","0","0","0"
"858","256679","254462","254463","342","2025-02-01 09:53:50","1","2035.85","2035.85","0","0","0","0"
"859","256680","227612","230456","342","2025-02-01 09:59:55","1","1989.02","1989.02","0","0","0","0"
"864","256685","227626","249178","344","2025-02-02 11:50:58","1","685.02","685.02","0","0","0","0"
"865","256690","234975","234984","345","2025-02-02 22:05:55","1","665","665","0","0","0","0"
"866","257027","254883","254885","254","2025-02-11 13:39:18","1","1885.98","1885.98","0","0","0","0"
"867","257340","238704","256081","348","2025-02-15 18:52:57","1","1898.08","1898.08","0","0","0","0"
"868","257360","5913","251923","349","2025-02-16 19:42:35","1","2030.6","2030.6","0","0","0","0"
"869","257364","256874","256881","350","2025-02-18 18:37:15","1","3870","3870","0","0","0","0"
"873","257380","225173","255977","353","2025-02-23 17:21:39","1","710","710","0","0","0","0"
"874","257381","225173","255977","354","2025-02-23 19:15:09","1","710","710","0","0","0","0"
"955","257460","254883","254887","356","2025-02-25 21:53:16","2","3878","3878","0","0","0","0"
"956","257591","232249","249487","358","2025-03-01 10:10:41","1","3549","3549","0","0","0","0"
"957","257592","241246","255763","359","2025-03-01 18:22:13","1","722.8","722.8","0","0","0","0"
"958","257593","256890","256900","20","2025-03-02 16:43:42","1","1090","1090","0","0","0","0"
"960","257594","256882","256886","360","2025-03-02 17:39:53","1","3068.5","3068.5","0","0","0","0"
"961","257595","227747","251014","361","2025-03-03 10:40:48","1","699","699","0","0","0","0"
"962","257597","241211","255782","359","2025-03-03 12:57:30","1","700.6","700.6","0","0","0","0"
"963","257598","252045","252047","362","2025-03-03 16:29:59","1","1495.3","1495.3","0","0","0","0"
"967","257607","239423","239426","363","2025-03-06 09:59:19","1","1469","1469","0","0","0","0"
"968","257608","239423","239426","364","2025-03-06 10:09:33","1","1469","1469","0","0","0","0"
"977","257640","227902","227908","366","2025-03-09 13:58:23","1","2009.25","2009.25","0","0","0","0"
"978","257641","6711","256534","366","2025-03-09 14:10:31","1","1502","1502","0","0","0","0"
"979","257642","6711","256532","366","2025-03-09 14:11:49","1","1502","1502","0","0","0","0"
"980","257643","227776","251787","367","2025-03-10 08:05:02","1","1675","1675","0","0","0","0"
"982","257644","6711","256527","368","2025-03-10 08:44:57","2","1700.9","1700.9","0","0","0","0"
"985","257648","241187","241188","369","2025-03-10 22:06:50","1","2185.04","2185.04","0","0","0","0"
"986","257709","256720","256722","370","2025-03-11 21:42:45","1","1665","1665","0","0","0","0"
"988","257710","256863","256866","371","2025-03-12 21:12:32","3","6210","6210","0","0","0","0"
"989","257752","233552","233553","372","2025-03-13 17:32:52","1","1858.96","1858.96","0","0","0","0"
"990","258019","238704","256079","373","2025-03-17 09:11:06","1","917.04","917.04","0","0","0","0"
"993","258023","244586","244589","374","2025-03-17 13:03:48","2","3160.96","3160.96","0","0","0","0"
"994","258033","254883","254885","375","2025-03-17 20:05:50","1","1812.02","1812.02","0","0","0","0"
"995","258034","251793","251795","376","2025-03-17 21:37:59","1","1182.75","1182.75","0","0","0","0"
"996","258037","257051","257052","377","2025-03-18 07:29:01","1","3246.23","3246.23","0","0","0","0"
"1000","258089","238704","256079","378","2025-03-20 08:35:22","1","969","969","0","0","0","0"
"1001","258090","251169","251170","379","2025-03-20 12:23:20","1","1910.02","1910.02","0","0","0","0"
"1004","258104","224903","254281","380","2025-03-21 12:36:33","1","864.2","864.2","0","0","0","0"
"1005","258113","251169","251171","379","2025-03-21 19:05:35","1","1910.02","1910.02","0","0","0","0"
"1006","258114","251169","251170","379","2025-03-21 19:07:04","1","1910.02","1910.02","0","0","0","0"
"1007","258117","238503","256371","379","2025-03-21 20:33:15","1","1850.6","1850.6","0","0","0","0"
"1008","258118","238322","238385","379","2025-03-21 20:38:03","1","1750.85","1750.85","0","0","0","0"
"1009","258120","251191","254522","379","2025-03-21 20:48:46","1","1812.02","1812.02","0","0","0","0"
"1010","258142","234863","255841","382","2025-03-23 16:18:04","1","575","575","0","0","0","0"
"1011","258143","226817","226826","382","2025-03-23 16:20:21","1","611.8","611.8","0","0","0","0"
"1014","258214","241211","255773","374","2025-03-26 15:17:14","2","2424.8","2424.8","0","0","0","0"
"1015","258215","254902","254904","383","2025-03-26 17:42:31","1","1861.02","1861.02","0","0","0","0"
"1016","258345","239570","239597","384","2025-03-29 16:03:17","1","1120","1120","0","0","0","0"
"1018","258374","239859","239861","385","2025-03-31 14:14:47","1","2101","2101","0","0","0","0"
"1019","258398","243887","254544","386","2025-04-02 09:50:50","1","3549","3549","0","0","0","0"
"1020","258399","252027","252029","386","2025-04-02 10:03:08","1","2564.1","2564.1","0","0","0","0"
"1021","258408","252045","252046","381","2025-04-02 17:23:37","1","1495.3","1495.3","0","0","0","0"
"1022","258446","251238","251240","52","2025-04-05 09:26:06","1","1100","1100","0","0","0","0"
"1024","258449","6711","256530","387","2025-04-05 12:50:48","1","1649.9","1649.9","0","0","0","0"
"1025","258454","254725","254729","388","2025-04-06 13:54:37","1","804","804","0","0","0","0"
"1026","258635","232249","254564","389","2025-04-11 08:02:29","1","3579","3579","0","0","0","0"
"1027","258673","251188","251189","391","2025-04-15 10:22:38","1","1954","1954","0","0","0","0"
"1030","258679","251188","251189","314","2025-04-15 15:41:07","1","1954","1954","0","0","0","0"
"1032","258693","240172","240173","392","2025-04-17 08:09:48","1","683.1","683.1","0","0","0","0"
"1033","258711","257120","257121","394","2025-04-18 18:33:26","1","1780.5","1780.5","0","0","0","0"
"1034","258712","251299","251300","395","2025-04-19 13:48:55","1","1250","1250","0","0","0","0"
"1035","258731","227755","254570","396","2025-04-22 12:14:19","4","3396","3396","0","0","0","0"
"1036","258745","251314","251320","398","2025-04-24 15:48:43","1","1360","1360","0","0","0","0"
"1037","258761","257152","257153","399","2025-04-25 13:29:04","1","2769.75","2769.75","0","0","0","0"
"1038","258764","250419","250420","400","2025-04-26 13:04:54","1","2301.75","2301.75","0","0","0","0"
"1039","258772","240056","240057","71","2025-04-28 10:20:35","1","1030","1030","0","0","0","0"
"1041","258788","240877","240878","401","2025-05-01 22:01:36","1","1865.8","1865.8","0","0","0","0"
"1043","258790","240877","240878","402","2025-05-01 22:32:11","1","1964","1964","0","0","0","0"
"1044","258813","6249","256506","403","2025-05-05 17:46:45","1","850.45","850.45","0","0","0","0"
"1045","258824","251299","251317","404","2025-05-06 15:25:45","1","1415","1415","0","0","0","0"
"1046","258826","227603","227608","405","2025-05-07 09:40:49","1","2302.02","2302.02","0","0","0","0"
"1047","258833","238671","256098","406","2025-05-07 16:30:37","2","2066","2066","0","0","0","0"
"1048","258839","225173","255980","407","2025-05-08 09:09:12","1","695.8","695.8","0","0","0","0"
"1049","258859","239966","239967","408","2025-05-11 13:44:48","1","1200","1200","0","0","0","0"
"1050","258890","240877","240878","409","2025-05-14 20:25:44","1","1865.8","1865.8","0","0","0","0"
"1051","258967","238671","256098","410","2025-05-15 22:03:59","1","950","950","0","0","0","0"
"1053","258971","257031","257032","411","2025-05-16 21:53:41","1","3001","3001","0","0","0","0"
"1054","258977","257152","257153","412","2025-05-18 11:09:05","1","2575.45","2575.45","0","0","0","0"
"1055","258987","227776","251789","414","2025-05-20 08:35:22","1","1675","1675","0","0","0","0"
"1057","258997","239620","239621","71","2025-05-22 13:22:35","1","1030","1030","0","0","0","0"
"1059","259020","239570","239571","415","2025-05-26 17:14:45","1","1030","1030","0","0","0","0"
"1060","259083","6249","256508","416","2025-05-28 19:19:41","1","850.45","850.45","0","0","0","0"
"1061","259115","234975","234985","417","2025-05-28 22:06:45","1","765","765","0","0","0","0"
"1062","259120","256746","256751","417","2025-05-28 22:18:10","1","702.9","702.9","0","0","0","0"
"1063","259122","241211","255782","418","2025-05-28 22:52:00","1","510.6","510.6","0","0","0","0"
"1067","259278","257031","257032","420","2025-05-29 19:19:41","1","3001","3001","0","0","0","0"
"1069","259301","227755","254570","421","2025-06-03 20:36:23","2","1664.04","1664.04","0","0","0","0"
"1099","259763","259585","259587","431","2025-07-04 21:57:09","1","881.02","881.02","0","0","0","0"
"1104","260096","225173","255978","437","2025-07-09 13:50:02","1","667.4","667.4","0","0","0","0"
"1106","260101","243760","243762","441","2025-07-09 15:27:34","1","3139","3139","0","0","0","0"
"1109","260407","257621","257622","443","2025-07-14 13:58:24","1","2235","2235","0","0","0","0"
"1110","260507","251915","251917","443","2025-07-15 22:44:54","1","2390","2390","0","0","0","0"
"1111","260691","5991","257472","445","2025-07-22 14:15:12","1","969","969","0","0","0","0"
"1112","260885","6841","256575","448","2025-07-24 19:59:33","1","1015","1015","0","0","0","0"
"1113","261034","256845","256851","449","2025-07-28 20:18:40","1","1270","1270","0","0","0","0"
"1114","261251","259800","259801","450","2025-08-01 17:26:30","1","1895.25","1895.25","0","0","0","0"
"1115","261252","255567","259551","451","2025-08-12 20:32:30","1","1185.2","1185.2","0","0","0","0"
"1186","262308","260305","260306","457","2025-08-27 09:40:07","1","2327.5","2327.5","0","0","0","0"
"1188","262346","260235","260236","458","2025-09-01 12:13:46","1","2650.5","2650.5","0","0","0","0"
"1224","262400","227603","227608","458","2025-09-05 09:51:18","1","2399","2399","0","0","0","0"
"1242","262646","259830","259831","460","2025-09-14 21:59:42","1","2159","2159","0","0","0","0"
"1248","262662","246596","246597","132","2025-09-20 20:57:17","1","1523","1523","0","0","0","0"
"1250","262665","235328","255788","462","2025-09-24 10:28:12","2","2730","2730","0","0","0","0"
"1252","262740","249965","249967","370","2025-10-15 16:36:05","1","1335","1335","0","0","0","0"
"1254","262752","247797","247799","370","2025-10-17 22:57:10","1","1494","1494","0","0","0","0"
"1256","262755","247230","247231","463","2025-10-19 12:35:01","1","1113","1113","0","0","0","0"
"1282","263116","262503","262504","465","2025-10-30 22:17:28","1","1395","1395","0","0","0","0"
"1284","263126","253737","261328","466","2025-11-05 18:45:44","1","1418","1418","0","0","0","0"
"1285","263224","247207","247212","467","2025-11-09 17:13:25","1","1017","1017","0","0","0","0"
"1490","263271","261949","261952","473","2025-11-14 10:22:27","1","2897.5","2897.5","0","0","0","0"
"1491","263272","261368","0","474","2025-11-14 18:43:21","1","636.5","636.5","0","0","0","0"
"1492","263283","235328","255783","475","2025-12-07 21:22:33","2","1508.4","1508.4","0","0","0","0"
"1494","263284","235328","255783","476","2025-12-07 21:43:31","1","729","729","0","0","0","0"
"1495","263285","260858","260859","477","2025-12-08 15:35:50","1","2348.4","2348.4","0","0","0","0"
"1497","263286","254709","254710","477","2025-12-08 19:59:22","1","2130.96","2130.96","0","0","0","0"
"1499","263287","260720","260722","477","2025-12-11 19:20:53","1","2182.96","2182.96","0","0","0","0"
"1501","263288","262888","262890","477","2025-12-12 16:16:08","1","2094.8","2094.8","0","0","0","0"
"1503","263477","247438","262038","478","2025-12-17 13:38:11","1","1761","1761","0","0","0","0"
"1505","263478","247438","262038","477","2025-12-17 13:38:29","1","1761","1761","0","0","0","0"
"1589","263887","226770","255873","479","2025-12-23 15:40:29","1","750","750","0","0","0","0"
"1591","263888","241246","255763","479","2025-12-23 15:44:17","1","640","640","0","0","0","0"
"1599","263889","262857","262858","480","2025-12-24 15:29:53","1","2045","2045","0","0","0","0"
"1601","264037","227776","262874","481","2026-01-02 12:03:16","1","1953.8","1953.8","0","0","0","0"
"1603","264038","254459","254460","482","2026-01-02 20:13:16","1","2371.2","2371.2","0","0","0","0"
"1604","264039","227584","249316","458","2026-01-05 11:39:24","1","1989.02","1989.02","0","0","0","0"
"1605","264040","254255","262050","483","2026-01-05 18:50:51","1","1125","1125","0","0","0","0"
"1607","264041","247822","247837","484","2026-01-07 13:24:26","1","638.55","638.55","0","0","0","0"
"1608","264042","247822","247837","484","2026-01-07 13:43:25","1","638.55","638.55","0","0","0","0"
"1609","264044","254245","0","485","2026-01-07 21:58:36","1","1391.52","1391.52","0","0","0","0"
"1610","264046","241246","255763","486","2026-01-08 12:33:59","1","770","770","0","0","0","0"
"1611","264047","247247","247248","487","2026-01-09 00:01:17","2","2108","2108","0","0","0","0"
"1613","264048","227917","227918","488","2026-01-09 11:42:50","1","2950.3","2950.3","0","0","0","0"
"1614","264049","261850","261851","490","2026-01-09 15:54:53","1","2101","2101","0","0","0","0"
"1615","264050","261491","261492","491","2026-01-11 20:54:42","1","1195.16","1195.16","0","0","0","0"
"1616","264051","227584","249316","458","2026-01-12 16:02:32","1","1989.02","1989.02","0","0","0","0"
"1617","264054","254172","262073","492","2026-01-20 10:07:39","2","2306","2306","0","0","0","0"
"1618","264055","247270","247271","487","2026-01-22 11:27:22","1","1186","1186","0","0","0","0"
"1620","264056","247247","247248","487","2026-01-22 11:30:06","1","1101.76","1101.76","0","0","0","0"
"1635","264322","243744","263305","497","2026-02-08 00:03:35","1","1999","1999","0","0","0","0"
"1636","264482","226770","255872","498","2026-02-09 21:12:34","1","853.2","853.2","0","0","0","0"
"1641","264695","234995","255800","501","2026-02-13 15:49:09","1","1378.4","1378.4","0","0","0","0"
"1642","264790","250726","263480","502","2026-02-14 12:28:34","2","2080","2080","0","0","0","0"
"1643","265120","262760","262761","503","2026-02-16 16:39:26","1","2985.75","2985.75","0","0","0","0"
"1666","265180","262769","262771","507","2026-02-18 13:18:09","1","2950.3","2950.3","0","0","0","0"
"1687","265315","250613","250636","509","2026-02-20 14:29:01","1","1720","1720","0","0","0","0"
"1697","265378","226708","255885","510","2026-02-21 10:13:34","1","670","670","0","0","0","0"
"1698","265380","234995","234998","510","2026-02-21 10:17:53","1","700","700","0","0","0","0"
"1699","265489","262769","262771","512","2026-02-22 11:09:07","1","2970","2970","0","0","0","0"
"1700","265599","6835","226358","513","2026-02-23 13:27:24","1","1089.75","1089.75","0","0","0","0"
"1701","266084","226850","226855","330","2026-02-27 16:07:34","1","630","630","0","0","0","0"
"1703","266085","226817","226824","330","2026-02-27 16:12:17","1","670","670","0","0","0","0"
"1705","266086","226850","226855","514","2026-02-27 16:29:39","2","1349.2","1349.2","0","0","0","0"
"1706","266087","234995","234999","514","2026-02-27 16:31:14","1","739","739","0","0","0","0"
"1707","266122","227762","0","515","2026-02-28 11:24:11","1","1268.95","1268.95","0","0","0","0"
"1712","266665","264243","264244","518","2026-03-03 18:58:25","1","2465.1","2465.1","0","0","0","0"
"1726","266745","239877","239878","519","2026-03-04 18:30:43","1","1545.65","1545.65","0","0","0","0"
"1727","267338","262617","262620","522","2026-03-08 21:03:42","1","651.2","651.2","0","0","0","0"
"1728","267345","262617","262620","523","2026-03-08 21:14:27","1","627.4","627.4","0","0","0","0"
"1729","267469","6711","256535","524","2026-03-09 15:20:48","1","774.25","774.25","0","0","0","0"
"1731","267957","262187","0","529","2026-03-14 14:52:39","1","1080.06","1080.06","0","0","0","0"
"1732","268002","252027","252029","530","2026-03-14 21:00:03","1","2656.78","2656.78","0","0","0","0"
"1733","268007","265571","265572","531","2026-03-15 11:28:57","1","3395","3395","0","0","0","0"
"1738","268113","248804","248820","533","2026-03-17 17:55:14","1","796.8","796.8","0","0","0","0"
"1770","268425","236738","256113","534","2026-03-21 16:22:34","1","874","874","0","0","0","0"
"1773","268430","260616","0","535","2026-03-22 01:41:01","1","1390","1390","0","0","0","0"
"1774","268436","239423","239424","536","2026-03-22 17:38:41","1","1386.05","1386.05","0","0","0","0"
"1792","268516","256259","256260","538","2026-03-23 20:06:43","2","2202.08","2202.08","0","0","0","0"
"1794","268543","227776","0","539","2026-03-24 21:48:35","1","1885","1885","0","0","0","0"
"1795","268587","230502","230503","540","2026-03-25 16:39:01","1","749","749","0","0","0","0"
"1796","268616","227776","0","541","2026-03-25 22:52:47","1","1867.8","1867.8","0","0","0","0"
"1798","268654","234995","234996","543","2026-03-26 19:57:45","1","854","854","0","0","0","0"
"1808","268803","236655","263829","545","2026-03-27 20:54:45","1","538","538","0","0","0","0"
"1819","268906","238704","263953","547","2026-03-29 17:35:32","2","1988","1988","0","0","0","0"
"1828","269060","6711","256523","403","2026-04-01 15:17:36","1","859.25","859.25","0","0","0","0"
"1829","269061","247970","247971","550","2026-04-01 20:15:06","2","1910","1910","0","0","0","0"
"1830","269086","238704","263958","348","2026-04-03 06:58:12","1","1950.46","1950.46","0","0","0","0"
"1837","269281","253623","261515","553","2026-04-06 21:53:45","1","646","646","0","0","0","0"
"1839","269282","248859","248933","553","2026-04-06 22:09:34","1","984.5","984.5","0","0","0","0"
"1840","269283","227917","227919","554","2026-04-06 22:58:42","1","2970","2970","0","0","0","0"
"1850","269353","262769","0","559","2026-04-07 20:52:34","1","3048.8","3048.8","0","0","0","0"
"1851","269548","226630","256008","560","2026-04-10 17:10:24","1","892.4","892.4","0","0","0","0"
"1852","269604","262878","0","561","2026-04-12 16:52:34","2","3094.5","3094.5","0","0","0","0"
"1853","269613","251024","251025","562","2026-04-15 19:15:31","1","948","948","0","0","0","0"
"1854","269614","265633","265635","563","2026-04-17 20:31:18","1","3090.92","3090.92","0","0","0","0"
"1855","269615","249916","249932","564","2026-04-21 17:16:31","1","2400","2400","0","0","0","0"
"1856","269616","6711","256523","565","2026-04-22 11:49:13","1","774.25","774.25","0","0","0","0"
"1857","269619","226850","226853","566","2026-04-22 15:05:43","2","1344.4","1344.4","0","0","0","0"
"1858","269620","239877","239881","567","2026-04-22 17:08:32","1","1594.46","1594.46","0","0","0","0"
"1859","269621","254883","254884","568","2026-04-23 23:11:41","1","1799","1799","0","0","0","0"
"1860","269622","254883","254884","569","2026-04-23 23:36:48","1","1799","1799","0","0","0","0"
"1861","269623","263928","263929","570","2026-04-24 17:08:07","1","882","882","0","0","0","0"
"1862","269624","249372","263297","571","2026-04-25 10:39:03","1","999","999","0","0","0","0"
"1863","269626","265611","265612","572","2026-04-25 20:02:56","1","3551.1","3551.1","0","0","0","0"
"1864","269627","241195","241196","573","2026-04-26 15:23:21","1","2970.65","2970.65","0","0","0","0"
"1866","269628","249916","249932","574","2026-04-27 16:31:38","1","2478","2478","0","0","0","0"
"1867","269629","252039","252041","477","2026-04-28 14:30:59","1","2164.03","2164.03","0","0","0","0"
"1869","269630","232227","249482","576","2026-04-28 14:59:45","1","3799","3799","0","0","0","0"
"1872","269657","232227","249482","579","2026-04-30 16:06:51","1","3799","3799","0","0","0","0"
"1873","269662","256647","269080","580","2026-04-30 18:35:11","2","3080","3080","0","0","0","0"
"1875","269663","262843","0","581","2026-04-30 20:40:33","1","2038.4","2038.4","0","0","0","0"
"1884","269668","243887","254543","583","2026-05-01 18:29:06","1","3625.02","3625.02","0","0","0","0"
"1885","269669","226850","226852","584","2026-05-02 20:01:37","1","710","710","0","0","0","0"
"1886","269670","243887","254543","585","2026-05-02 22:04:40","1","3699","3699","0","0","0","0"
"1887","269683","6711","256527","586","2026-05-03 11:46:09","1","815","815","0","0","0","0"
"1888","269684","6744","256544","587","2026-05-03 12:30:40","1","489.25","489.25","0","0","0","0"
"1889","269731","6711","256530","588","2026-05-03 20:46:08","1","1740","1740","0","0","0","0"
"1890","269733","226708","255877","588","2026-05-03 21:38:33","1","1300","1300","0","0","0","0"
"1891","269750","234863","255832","484","2026-05-04 15:05:41","1","1318.8","1318.8","0","0","0","0"
"1892","269751","226850","255850","484","2026-05-04 15:11:18","2","2637.6","2637.6","0","0","0","0"
"1893","269752","257120","257122","589","2026-05-04 17:09:39","1","1760.35","1760.35","0","0","0","0"
"1894","269755","257120","257121","589","2026-05-04 19:44:09","1","1861.05","1861.05","0","0","0","0"
"1896","269760","241191","241193","591","2026-05-05 23:10:35","1","2395.9","2395.9","0","0","0","0"
"1897","269761","265722","265724","591","2026-05-05 23:13:47","1","2996.3","2996.3","0","0","0","0"
"1898","269762","239423","239425","592","2026-05-06 21:03:12","1","1600.75","1600.75","0","0","0","0"
"1899","269763","250339","256812","593","2026-05-08 18:32:41","1","1070","1070","0","0","0","0"
"1900","269809","6711","256523","594","2026-05-10 18:52:04","1","1077.6","1077.6","0","0","0","0"
"1903","270074","226817","226824","596","2026-05-16 19:42:43","1","616.4","616.4","0","0","0","0"
"1904","270272","6841","256579","597","2026-05-17 16:10:42","1","686.85","686.85","0","0","0","0"
"1905","270421","227826","227827","598","2026-05-18 19:53:39","1","2146.8","2146.8","0","0","0","0"
"1906","270531","236738","256113","599","2026-05-19 13:39:30","2","1866","1866","0","0","0","0"
"1907","270577","257252","257254","600","2026-05-20 16:42:57","1","3738","3738","0","0","0","0"
"1908","270633","239423","239426","601","2026-05-21 15:11:57","1","1395.55","1395.55","0","0","0","0"
"1909","270757","262617","262627","602","2026-05-23 13:20:02","1","646.4","646.4","0","0","0","0"
"1910","270758","262617","262625","602","2026-05-23 13:25:11","1","646.4","646.4","0","0","0","0"
"1911","270769","226817","226824","603","2026-05-23 14:44:47","1","769","769","0","0","0","0"
"1912","270779","226817","226824","604","2026-05-23 15:51:27","1","769","769","0","0","0","0"
"1913","270780","226817","226824","605","2026-05-23 16:02:34","1","696.8","696.8","0","0","0","0"
"1914","270973","228350","228378","606","2026-05-24 07:42:08","1","860","860","0","0","0","0"
"1915","270974","247493","0","607","2026-05-24 17:29:23","1","862.76","862.76","0","0","0","0"
"1916","271066","6249","256517","608","2026-05-25 15:45:22","1","1595","1595","0","0","0","0"
"1917","271201","249816","269063","611","2026-05-26 20:40:58","1","1130","1130","0","0","0","0"
"1922","271273","262820","262821","614","2026-05-28 15:14:13","1","1910","1910","0","0","0","0"
"1923","271274","262820","262821","615","2026-05-28 15:36:03","1","1968.4","1968.4","0","0","0","0"
"1929","271285","236738","256113","618","2026-05-29 22:56:34","1","794","794","0","0","0","0"
"1930","271286","236738","256113","618","2026-05-29 22:59:53","1","794","794","0","0","0","0"
"1931","271295","257031","257032","622","2026-05-30 19:52:19","1","2987.04","2987.04","0","0","0","0"
"1932","271299","254883","254884","623","2026-05-31 13:21:40","1","1799","1799","0","0","0","0"
"1935","271339","6249","256517","608","2026-06-01 14:21:59","1","1595","1595","0","0","0","0"
"1936","271340","243744","263305","623","2026-06-01 19:33:22","1","1999","1999","0","0","0","0"
"1937","271341","244727","244734","626","2026-06-01 20:45:26","1","1794.4","1794.4","0","0","0","0"
"1938","271342","239877","239881","623","2026-06-01 21:55:10","1","1705.65","1705.65","0","0","0","0"
"1939","271343","239877","239881","627","2026-06-01 22:01:17","1","1705.65","1705.65","0","0","0","0"
"1940","271356","251915","251917","623","2026-06-02 11:00:22","1","2165","2165","0","0","0","0"
"1941","271357","252946","252949","623","2026-06-02 11:04:08","1","1885","1885","0","0","0","0"
"1942","271358","251915","251917","627","2026-06-02 11:04:16","1","2165","2165","0","0","0","0"
"1943","271359","252946","252949","627","2026-06-02 11:06:57","1","1885","1885","0","0","0","0"
"1944","271360","241211","262635","628","2026-06-02 16:59:58","1","1280","1280","0","0","0","0"
"1945","271362","224936","255982","629","2026-06-02 21:52:35","1","939","939","0","0","0","0"
"1946","271363","6744","256538","630","2026-06-02 23:44:58","1","557.5","557.5","0","0","0","0"
"1947","271366","238437","256020","628","2026-06-03 14:35:53","1","1544","1544","0","0","0","0"
"1950","271379","243744","263305","634","2026-06-08 09:35:37","1","1999","1999","0","0","0","0"
"1951","271383","257051","257052","635","2026-06-08 15:41:53","1","3165.4","3165.4","0","0","0","0"
"1952","271388","257631","265533","637","2026-06-09 14:34:43","2","2205.8","2205.8","0","0","0","0"
"1954","271655","243744","263305","638","2026-06-11 20:21:39","1","1999","1999","0","0","0","0"
"1955","272131","257120","257121","640","2026-06-15 20:58:39","1","1957.95","1957.95","0","0","0","0"
"1956","272132","236731","256141","641","2026-06-16 18:19:48","1","933","933","0","0","0","0"
"1958","272154","236738","256112","642","2026-06-17 07:37:13","1","794","794","0","0","0","0"
"1959","272269","241187","241188","640","2026-06-19 08:10:59","1","2174","2174","0","0","0","0"
"1960","272382","5913","226155","644","2026-06-21 23:19:14","1","1986.5","1986.5","0","0","0","0"
"1961","272383","5913","226154","646","2026-06-23 18:03:20","1","1986.5","1986.5","0","0","0","0"
"1962","272412","251143","251147","647","2026-06-25 21:25:55","1","999","999","0","0","0","0"
"1963","272413","259562","259563","648","2026-06-27 19:12:55","2","1498","1498","0","0","0","0"
"1964","272420","250560","269074","649","2026-06-28 16:51:09","1","1360","1360","0","0","0","0"
"1965","272421","250339","256812","651","2026-06-29 10:33:11","1","1350","1350","0","0","0","0"
"1966","272423","249916","249932","654","2026-07-02 20:29:32","1","2400","2400","0","0","0","0"
"1967","272424","249916","249932","654","2026-07-02 20:39:07","1","2400","2400","0","0","0","0"
"1968","272427","5961","226177","654","2026-07-03 22:19:21","1","1843","1843","0","0","0","0"
"1969","272429","259618","259620","655","2026-07-06 16:45:08","2","1958.04","1958.04","0","0","0","0"
"1970","272430","262831","262833","656","2026-07-07 23:34:00","1","2055","2055","0","0","0","0"
"1971","272434","259618","259620","655","2026-07-10 08:21:42","2","1958.04","1958.04","0","0","0","0"
"1972","272435","259592","259596","655","2026-07-10 08:25:37","2","1958.04","1958.04","0","0","0","0"
"1973","272436","236655","263828","658","2026-07-10 12:54:27","1","593","593","0","0","0","0"
"1974","272472","238322","265627","659","2026-07-11 14:25:57","1","1922","1922","0","0","0","0"
"1975","272564","238704","263957","661","2026-07-13 17:51:17","1","1192","1192","0","0","0","0"
"1984","272586","272177","272178","662","2026-07-14 23:38:52","1","2172.65","2172.65","0","0","0","0"
"1985","272883","263928","263929","664","2026-07-17 17:15:27","1","882","882","0","0","0","0"
"1986","272884","6249","256517","665","2026-07-18 11:01:58","1","1595","1595","0","0","0","0"
"1987","272887","238671","263963","666","2026-07-19 15:22:14","1","994","994","0","0","0","0"
"1988","272889","6790","256558","668","2026-07-23 10:35:00","3","2700","2700","0","0","0","0"
"1989","272890","239877","239879","669","2026-07-25 08:56:06","1","1787","1787","0","0","0","0"
"1990","272891","239423","239426","669","2026-07-25 09:04:44","1","1459","1459","0","0","0","0"
"1992","272893","259800","259801","614","2026-07-25 16:12:14","1","1950.35","1950.35","0","0","0","0"
"1993","272894","6744","256544","673","2026-07-28 16:53:36","2","1030","1030","0","0","0","0"
"1994","272895","259871","259872","670","2026-07-31 16:29:41","2","3501.7","3501.7","0","0","0","0"
"1996","272897","238704","263959","679","2026-08-10 11:54:33","1","1192","1192","0","0","0","0"
"1997","272898","272191","272192","614","2026-08-12 15:42:48","1","2195.45","2195.45","0","0","0","0"
"1998","272899","234859","234860","682","2026-08-12 20:40:08","1","840","840","0","0","0","0"
"1999","272900","272191","272192","683","2026-08-12 20:54:40","1","2195.45","2195.45","0","0","0","0"
"2000","272901","255573","259554","684","2026-08-19 08:10:22","1","1145","1145","0","0","0","0"
"2001","272936","272670","272671","687","2026-08-28 03:09:46","1","1340","1340","0","0","0","0"
"2002","272980","265786","265787","692","2026-09-09 16:54:43","1","783.02","783.02","0","0","0","0"
