"order_item_id","order_item_name","order_item_type","order_id"
"204","Formanoir – Équitation &amp; Cuisine - du 06/08/23 au 20/08/23 (15 jours)","line_item","242057"
"205","Studio Chant - du 21/07/23 au 31/07/23 (11 jours)","line_item","242423"
"213","Kart ou pas Cap ! - du 01/08/23 au 13/08/23 (13 jours)","line_item","242463"
"214","Fashion Style - du 06/08/23 au 17/08/23 (12 jours)","line_item","242570"
"215","Val-en-Pré – Équitation au Far-West - du 16/07/23 au 23/07/23 (8 jours)","line_item","242817"
"216","Anglais et activités en famille d'accueil - du 17/07/23 au 28/07/23 (12 jours)","line_item","242818"
"217","Active ta Montagne ! - du 19/08/23 au 25/08/23 (7 jours)","line_item","242819"
"219","Formanoir – Équitation & Cuisine - du 23/07/23 au 30/07/23 (8 jours)","line_item","243177"
"220","Val-en-Pré – Équitation au Far-West - du 06/08/23 au 13/08/23 (8 jours)","line_item","243247"
"221","Val-en-Pré – Équitation au Far-West - du 30/07/23 au 13/08/23 (15 jours)","line_item","243248"
"222","Objectif Manga - du 05/08/23 au 16/08/23 (12 jours)","line_item","244417"
"223","Objectif Manga - du 05/08/23 au 16/08/23 (12 jours)","line_item","244431"
"224","Anglais et détente sous le soleil - du 30/07/23 au 13/08/23 (15 jours)","line_item","244457"
"226","Colonie de vacances : Ma première colo aux portes de Paris - du 31/07/23 au 04/08/23 (5 jours)","line_item","244501"
"227","Anglais et activités en famille d'accueil - du 31/07/23 au 11/08/23 (12 jours)","line_item","244538"
"228","Surf Camp - du 23/07/23 au 29/07/23 (7 jours)","line_item","244541"
"229","Surf Camp - du 23/07/23 au 29/07/23 (7 jours)","line_item","244542"
"231","Colonie de Vacances : Eaux Vives à Carcassonne - du 10/07/23 au 28/07/23 (19 jours)","line_item","244547"
"232","Colonie de vacances : Les Petits Explorateurs : Mission Nature - du 30/07/23 au 05/08/23 (7 jours)","line_item","244548"
"233","Stage Handball en Auvergne - du 16/07/23 au 23/07/23 (8 jours)","line_item","244549"
"234","Stage Athlétisme en Auvergne - du 06/08/23 au 13/08/23 (8 jours)","line_item","244551"
"235","Stage Gymnastique Artistique en Auvergne - du 23/07/23 au 30/07/23 (8 jours)","line_item","244580"
"236","Stage Athlétisme en Auvergne - du 06/08/23 au 13/08/23 (8 jours)","line_item","244581"
"239","British Duo - du 17/07/23 au 28/07/23 (12 jours)","line_item","244607"
"241","USA Côte Est - du 04/08/23 au 22/08/23 (19 jours)","line_item","244629"
"242","Stage Athlétisme en Auvergne - du 23/07/23 au 30/07/23 (8 jours)","line_item","244645"
"243","Ma première colo aux portes de Paris - du 31/07/23 au 04/08/23 (5 jours)","line_item","244648"
"244","Italie du nord - du 10/08/23 au 24/08/23 (15 jours)","line_item","244649"
"245","Club 4 - du 06/07/23 au 17/07/23 (12 jours)","line_item","244651"
"246","Live in Dublin - du 17/07/23 au 28/07/23 (12 jours)","line_item","244653"
"248","Formanoir – Équitation & Cuisine - du 06/08/23 au 13/08/23 (8 jours)","line_item","244656"
"250","Passion Manga - du 21/07/23 au 31/07/23 (11 jours)","line_item","244706"
"252","Eastbourne International 2 semaines - du 18/07/23 au 01/08/23 (15 jours)","line_item","244710"
"253","Best of Harry Potter - du 17/07/23 au 28/07/23 (12 jours)","line_item","244711"
"254","Naples Calabre Sicile - du 04/08/23 au 21/08/23 (18 jours)","line_item","244712"
"256","Sunparks - du 05/08/23 au 11/08/23 (7 jours)","line_item","244747"
"292","Anglais et détente sous le soleil - du 09/07/23 au 16/07/23 (8 jours)","line_item","244790"
"294","Anglais et détente sous le soleil - du 09/07/23 au 16/07/23 (8 jours)","line_item","244792"
"295","Anglais et détente sous le soleil - du 09/07/23 au 16/07/23 (8 jours)","line_item","244793"
"305","Odyssée Grecque - du 03/08/23 au 16/08/23 (14 jours)","line_item","245202"
"307","Italie du nord - du 10/08/23 au 24/08/23 (15 jours)","line_item","245206"
"308","Grèce Cyclades - du 11/07/23 au 24/07/23 (14 jours)","line_item","245214"
"310","Quad électrique et Nature - du 12/08/23 au 19/08/23 (8 jours)","line_item","245235"
"311","Équitation, Graines d'Artistes et Vie de la Ferme - du 12/08/23 au 19/08/23 (8 jours)","line_item","245236"
"312","USA Côte Est - du 10/07/23 au 28/07/23 (19 jours)","line_item","245237"
"313","Stage Gymnastique Artistique en Auvergne - du 23/07/23 au 30/07/23 (8 jours)","line_item","245242"
"315","Esprit Indien - du 16/07/23 au 22/07/23 (7 jours)","line_item","245244"
"316","Stage Tennis de table en Auvergne - du 09/07/23 au 16/07/23 (8 jours)","line_item","245434"
"319","Passion Magie - du 21/07/23 au 31/07/23 (11 jours)","line_item","245514"
"320","Cap au soleil en Méditerranée - du 10/07/23 au 19/07/23 (10 jours)","line_item","245535"
"322","Stage Athlétisme en Auvergne - du 16/07/23 au 23/07/23 (8 jours)","line_item","245556"
"323","Stage Gymnastique Artistique en Auvergne - du 23/07/23 au 30/07/23 (8 jours)","line_item","245560"
"324","Arts et Spectacle - du 16/07/23 au 30/07/23 (15 jours)","line_item","245564"
"325","Live in Dublin - du 06/07/23 au 17/07/23 (12 jours)","line_item","245565"
"326","Avantage CSE","fee","245565"
"327","Formanoir – Équitation & Cuisine - du 20/08/23 au 27/08/23 (8 jours)","line_item","245567"
"329","Vacances enfant : Vaucluse Aquatique - du 10/07/23 au 19/07/23 (10 jours)","line_item","245574"
"331","Stage Judo en Auvergne - du 30/07/23 au 06/08/23 (8 jours)","line_item","245578"
"332","Live in London - du 06/07/23 au 17/07/23 (12 jours)","line_item","245594"
"333","Live in London - du 06/07/23 au 17/07/23 (12 jours)","line_item","245595"
"334","Avantage CSE","fee","245595"
"335","Japon - du 05/08/23 au 18/08/23 (14 jours)","line_item","245598"
"336","Stage Football en Auvergne - du 30/07/23 au 06/08/23 (8 jours)","line_item","245814"
"337","La Vie d'Artiste Manga - du 16/07/23 au 22/07/23 (7 jours)","line_item","245903"
"360","Stage Judo en Auvergne - du 30/07/23 au 06/08/23 (8 jours)","line_item","245924"
"409","Aventures Parcs à Sunparks - du 21/10/23 au 27/10/23 (7 jours)","line_item","246556"
"410","Avantage CSE","fee","246556"
"411","Les Petits Motards - du 22/10/23 au 28/10/23 (7 jours)","line_item","246561"
"412","Avantage CSE","fee","246561"
"413","Aventures Parcs à Sunparks - du 28/10/23 au 03/11/23 (7 jours)","line_item","246562"
"414","Avantage CSE","fee","246562"
"415","New York City - ados - du 21/10/23 au 27/10/23 (7 jours)","line_item","246563"
"416","Avantage CSE","fee","246563"
"417","Ice and Fire Tour - du 21/10/23 au 27/10/23 (7 jours)","line_item","246572"
"418","Avantage CSE","fee","246572"
"421","Anglais et activités en famille d'accueil - du 21/10/23 au 28/10/23 (8 jours)","line_item","246613"
"422","Avantage CSE","fee","246613"
"423","Ecozonia : découverte d’un parc zoologique - du 21/10/23 au 28/10/23 (8 jours)","line_item","246640"
"424","Avantage CSE","fee","246640"
"425","100% Passion Équitation - du 21/10/23 au 28/10/23 (8 jours)","line_item","246652"
"426","Avantage CSE","fee","246652"
"430","Esprit Indien - du 18/08/24 au 24/08/24 (7 jours)","line_item","249388"
"504","Les Canaries - du 23/04/24 au 30/04/24 (8 jours)","line_item","250894"
"505","Avantage CSE","fee","250894"
"508","Les aventuriers du bouclier perdu - du 14/07/24 au 20/07/24 (7 jours)","line_item","250896"
"509","Quebec - du 10/02/24 au 17/02/24 (8 jours)","line_item","250960"
"510","Brésil - du 10/07/24 au 24/07/24 (15 jours)","line_item","250968"
"560","Kart ou pas Cap ! - du 07/07/24 au 20/07/24 (14 jours)","line_item","251893"
"561","Kart ou pas Cap ! - du 07/07/24 au 20/07/24 (14 jours)","line_item","251894"
"562","Tout Schuss - du 24/02/24 au 02/03/24 (7 jours)","line_item","251895"
"563","Les aventuriers du bouclier perdu - du 11/08/24 au 17/08/24 (7 jours)","line_item","251921"
"564","Avantage CSE","fee","251921"
"565","Les Pieds dans l'eau - du 11/08/24 au 17/08/24 (7 jours)","line_item","252055"
"566","Avantage CSE","fee","252055"
"567","Les Pieds dans l'eau - du 11/08/24 au 17/08/24 (7 jours)","line_item","252056"
"568","Avantage CSE","fee","252056"
"587","Center Parcs - du 12/02/24 au 16/02/24 (5 jours)","line_item","252079"
"590","Tenerife - du 14/04/24 au 21/04/24 (8 jours)","line_item","252368"
"606","Ma première colo aux portes de Paris - du 29/07/24 au 02/08/24 (5 jours)","line_item","252389"
"607","Avantage CSE","fee","252389"
"618","Les Canaries - du 16/04/24 au 23/04/24 (8 jours)","line_item","252404"
"621","Ferme de l'Aoueille - du 22/07/24 au 26/07/24 (5 jours)","line_item","252434"
"622","Avantage CSE","fee","252434"
"642","Miami - Orlando et les Keys - du 11/07/24 au 19/07/24 (9 jours)","line_item","252465"
"643","Avantage CSE","fee","252465"
"644","Espagne - du 08/07/24 au 22/07/24 (15 jours)","line_item","252475"
"645","La colo Rugby by le Stade Toulousain - du 18/08/24 au 24/08/24 (7 jours)","line_item","252476"
"648","Châtel multiactivités - du 12/07/24 au 23/07/24 (12 jours)","line_item","252479"
"657","Val-en-Pré – Sports mécaniques - du 06/04/24 au 20/04/24 (15 jours)","line_item","252504"
"658","Live in London - du 04/07/24 au 15/07/24 (12 jours)","line_item","252561"
"659","Corsica Découvertes - du 06/07/24 au 19/07/24 (14 jours)","line_item","252562"
"660","Châtel multiactivités - du 12/07/24 au 23/07/24 (12 jours)","line_item","252574"
"661","Comme un Chef ! - du 19/07/24 au 30/07/24 (12 jours)","line_item","252575"
"662","Avantage CSE","fee","252575"
"663","Ekholo Lanta - du 08/07/24 au 17/07/24 (10 jours)","line_item","252576"
"664","La Vie d'Artiste Chant - du 04/08/24 au 10/08/24 (7 jours)","line_item","252577"
"665","Grèce Cyclades - du 13/07/24 au 26/07/24 (14 jours)","line_item","252578"
"666","Avantage CSE","fee","252578"
"667","Egypte mer rouge - du 14/04/24 au 21/04/24 (8 jours)","line_item","252580"
"668","Grèce Cyclades - du 13/07/24 au 26/07/24 (14 jours)","line_item","252581"
"669","Crète - du 07/08/24 au 21/08/24 (15 jours)","line_item","252582"
"670","Avantage CSE","fee","252582"
"671","Algarve - du 10/07/24 au 24/07/24 (15 jours)","line_item","252583"
"672","Avantage CSE","fee","252583"
"673","Algarve - du 10/07/24 au 24/07/24 (15 jours)","line_item","252584"
"674","Avantage CSE","fee","252584"
"675","Crète - du 07/08/24 au 21/08/24 (15 jours)","line_item","252585"
"676","Avantage CSE","fee","252585"
"677","Codage Experience - 14/04/24 au 20/04/24 (7 jours)","line_item","252754"
"678","New York - du 10/04/24 au 16/04/24 (7 jours)","line_item","252786"
"679","Les Pieds dans l'Eau - Équitation - du 04/08/24 au 10/08/24 (7 jours)","line_item","252787"
"680","Esprit Indien - du 11/08/24 au 17/08/24 (7 jours)","line_item","252788"
"681","L'american Dream - du 12/07/24 au 26/07/24 (15 jours)","line_item","252799"
"682","USA Côte Est - du 6/07/24 au 24/07/24 (19 jours)","line_item","252800"
"683","Saint-Raphaël Adrénaline - du 20/07/24 au 31/07/24 (12 jours)","line_item","252801"
"687","L'école des Nageurs - du 01/08/24 au 12/08/24 (12 jours)","line_item","252809"
"688","Ferme de l'Aoueille - du 22/07/24 au 26/07/24 (5 jours)","line_item","252810"
"689","La colo Rugby by le Stade Toulousain - du 11/08/24 au 24/08/24 (14 jours)","line_item","252811"
"690","Ténérife - du 10/07/24 au 24/07/24 (15 jours)","line_item","252812"
"691","Ecozonia : découverte d’un parc zoologique - du 06/07/24 au 13/07/24 (8 jours)","line_item","252814"
"692","Avantage CSE","fee","252814"
"693","Passion Manga - du 19/07/24 au 30/07/24 (12 jours)","line_item","252816"
"694","Londres Harry Potter - du 19/08/24 au 23/08/24 (5 jours)","line_item","252836"
"695","New York - du 11/08/24 au 17/08/24 (7 jours)","line_item","252850"
"696","Gliss Camp - Planet' Gliss - du 21/07/24 au 27/07/24 (7 jours)","line_item","252851"
"697","Mangakas - du 19/07/24 au 30/07/24 (12 jours)","line_item","252855"
"698","Avantage CSE","fee","252855"
"699","Sports de Montagne - du 17/08/24 au 24/08/24 (8 jours)","line_item","252892"
"700","Manga Académie - du 19/07/24 au 30/07/24 (12 jours)","line_item","252896"
"701","Les Terrasses – Cavaliers en herbe et petits fermiers - du 14/07/24 au 21/07/24 (8 jours)","line_item","252897"
"702","Mes Vacances à l'Océan - Planet' Manga - du 11/08/24 au 17/08/24 (7 jours)","line_item","252898"
"703","Grèce Cyclades - du 13/08/24 au 26/08/24 (14 jours)","line_item","252899"
"704","Boucle du Sud - du 09/08/24 au 23/08/24 (15 jours)","line_item","252900"
"705","Grèce Cyclades - du 11/07/24 au 24/07/24 (14 jours)","line_item","252902"
"706","ASC - As des Pilotes - du 14/04/24 au 20/04/24 (7 jours)","line_item","252907"
"707","Surf Camp - du 24/07/24 au 05/08/24 (13 jours)","line_item","252908"
"708","Avantage CSE","fee","252908"
"709","Surf Camp - du 30/07/24 au 12/08/24 (14 jours)","line_item","252909"
"710","Avantage CSE","fee","252909"
"711","Destination Côte d'Azur - du 30/07/24 au 12/08/24 (14 jours)","line_item","252911"
"712","Avantage CSE","fee","252911"
"713","Formanoir – Équitation & Cuisine - du 04/08/24 au 11/08/24 (8 jours)","line_item","252912"
"714","Grèce Cyclades - du 11/07/24 au 24/07/24 (14 jours)","line_item","252913"
"715","Adriatika - du 12/08/24 au 26/08/24 (15 jours)","line_item","252914"
"716","Avantage CSE","fee","252914"
"717","Adventure camp international - du 03/08/24 au 17/08/24 (15 jours)","line_item","252915"
"718","Londres Harry Potter - du 19/08/24 au 23/08/24 (5 jours)","line_item","252916"
"719","Sea, Surf and Fun ! - du 01/08/24 au 12/08/24 (12 jours)","line_item","252932"
"720","Portugal - Trésors côtiers - du 12/08/24 au 25/08/24 (14 jours)","line_item","252933"
"721","Avantage CSE","fee","252933"
"722","Set DJ Mix - du 06/07/24 au 17/07/24 (12 jours)","line_item","252934"
"723","Corée du sud (18-25 ans) - du 10/07/24 au 24/07/24 (15 jours)","line_item","252935"
"725","Stage d'anglais classes de seconde - du 17/06/24 au 28/06/24 (12 jours)","line_item","252939"
"726","USA Côte Ouest - du 10/07/24 au 28/07/24 (19 jours)","line_item","252940"
"727","Ferme de l'Aoueille - du 15/07/24 au 19/07/24 (5 jours)","line_item","252941"
"728","Ecozonia : découverte d’un parc zoologique - du 03/08/24 au 17/08/24 (15 jours)","line_item","252942"
"729","Thaïlande - du 08/08/24 au 28/08/24 (21 jours)","line_item","252943"
"730","Londres Harry Potter - du 08/07/24 au 12/07/24 (5 jours)","line_item","252945"
"731","Avantage CSE","fee","252945"
"732","Londres Harry Potter - du 08/07/24 au 12/07/24 (5 jours)","line_item","252955"
"733","Jeu Set & Match - du 08/07/24 au 18/07/24 (11 jours)","line_item","252957"
"734","La colo Rugby by le Stade Toulousain - du 07/07/24 au 13/07/24 (7 jours)","line_item","252961"
"735","Malte - du 19/08/24 au 23/08/24 (5 jours)","line_item","252962"
"736","Barcelone et Port Aventura - du 19/08/24 au 23/08/24 (5 jours)","line_item","252963"
"737","Corsica Mer & Maquis - du 17/07/24 au 31/07/24 (15 jours)","line_item","252966"
"738","Avantage CSE","fee","252966"
"739","Kart ou pas Cap ! - du 14/07/24 au 20/07/24 (7 jours)","line_item","252967"
"740","Direction la Costa - du 11/07/24 au 22/07/24 (12 jours)","line_item","252968"
"741","New York - Summer Time - du 09/07/24 au 16/07/24 (8 jours)","line_item","252985"
"742","Avantage CSE","fee","252985"
"743","Manga Académie - du 06/07/24 au 17/07/24 (12 jours)","line_item","252986"
"744","Sports Jeunes - Les Savants Fous - du 18/08/24 au 24/08/24 (7 jours)","line_item","252987"
"745","USA Côte Ouest - du 09/08/24 au 27/08/24 (19 jours)","line_item","252989"
"746","Académie USC Football - du 18/08/24 au 24/08/24 (7 jours)","line_item","252990"
"747","L'american Dream - du 29/07/24 au 12/08/24 (15 jours)","line_item","252995"
"748","Ecozonia : découverte d’un parc zoologique - du 20/07/24 au 27/07/24 (8 jours)","line_item","252996"
"749","Inde Rajasthan (18-25 ans) - du 01/08/24 au 15/08/24 (15 jours)","line_item","252998"
"750","USA Côte Ouest - du 03/08/24 au 21/08/24 (19 jours)","line_item","252999"
"751","St Martin de Fraigneau - Équitation, cuisine ou Kart ? - du 06/08/24 au 22/08/24 (17 jours)","line_item","253000"
"752","Aventures en Périgord - du 14/07/24 au 20/07/24 (7 jours)","line_item","253001"
"753","Rome - du 08/07/24 au 12/07/24 (5 jours)","line_item","253003"
"754","Foot et Nature - du 20/07/24 au 03/08/24 (15 jours)","line_item","253005"
"755","Londres Harry Potter - du 19/08/24 au 23/08/24 (5 jours)","line_item","253006"
"756","États-Unis - du 12/07/24 au 30/07/24 (19 jours)","line_item","253007"
"757","De la Costa Brava à la Costa Dorada - du 18/07/24 au 29/07/24 (12 jours)","line_item","253008"
"758","Italie du sud – Les Pouilles - du 10/07/24 au 24/07/24 (15 jours)","line_item","253009"
"759","Italie du sud – Les Pouilles - du 10/07/24 au 24/07/24 (15 jours)","line_item","253010"
"760","Val-en-Pré – Équitation au Far-West - du 14/07/24 au 21/07/24 (8 jours)","line_item","253011"
"761","Les pieds dans l'eau - du 05/08/24 au 15/08/24 (11 jours)","line_item","253014"
"762","Avantage CSE","fee","253014"
"763","Formanoir – Équitation & Cuisine - du 18/08/24 au 30/08/24 (13 jours)","line_item","253015"
"764","Sports en Abondance - du 11/07/24 au 22/07/24 (12 jours)","line_item","253016"
"765","Avantage CSE","fee","253016"
"766","Formanoir – Équitation & Cuisine - du 18/08/24 au 25/08/24 (8 jours)","line_item","253017"
"1248","Lisbonne Porto - du 21/10/25 au 28/10/25 (8 jours)","line_item","262662"
"769","100% Passion Équitation - du 29/06/24 au 06/06/24 (8 jours)","line_item","253019"
"770","Avantage CSE","fee","253019"
"771","Aventures en Périgord - du 11/08/24 au 17/08/24 (7 jours)","line_item","253020"
"772","Avantage CSE","fee","253020"
"773","Formanoir – Équitation & Cuisine - du 18/08/24 au 25/08/24 (8 jours)","line_item","253021"
"774","Avantage CSE","fee","253021"
"775","Grèce Cyclades - du 12/08/24 au 25/08/24 (14 jours)","line_item","253049"
"776","Sunparks - du 03/08/24 au 09/08/24 (7 jours)","line_item","253112"
"777","Foot et Nature - du 27/07/24 au 03/08/24 (8 jours)","line_item","253113"
"778","La Vie d'Artiste Danse Classique - du 28/07/24 au 03/08/24 (7 jours)","line_item","253114"
"779","Center Parcs - du 19/08/24 au 23/08/24 (5 jours)","line_item","253117"
"780","Sports Jeunes - Les Savants Fous - du 07/07/24 au 13/07/24 (7 jours)","line_item","253118"
"781","Avantage CSE","fee","253118"
"782","USA Côte Ouest - du 10/07/24 au 28/07/24 (19 jours)","line_item","253119"
"783","Moto-Quad sensations - du 18/07/24 au 28/07/24 (11 jours)","line_item","253122"
"784","De la Costa Brava à la Costa Dorada - du 29/07/24 au 09/08/24 (12 jours)","line_item","253132"
"785","Formanoir – Équitation & Cuisine - du 28/07/24 au 04/08/24 (8 jours)","line_item","253166"
"786","Passion Danse Modern Jazz - du 06/07/24 au 17/07/24 (12 jours)","line_item","253177"
"787","Kart ou pas Cap ! - du 14/07/24 au 20/07/24 (7 jours)","line_item","253178"
"788","Formanoir – Équitation & Cuisine - du 04/08/24 au 11/08/24 (8 jours)","line_item","253180"
"789","Ténérife - du 07/08/24 au 21/08/24 (15 jours)","line_item","253181"
"790","Les pieds dans l’eau - du 08/07/24 au 12/07/24 (5 jours)","line_item","253183"
"791","Fashion Style - du 19/07/24 au 30/07/24 (12 jours)","line_item","253196"
"792","Thaïlande - du 08/08/24 au 28/08/24 (21 jours)","line_item","253197"
"793","USA Côte Est - du 7/08/24 au 25/08/24 (19 jours)","line_item","253204"
"794","De la Costa Brava à la Costa Dorada - du 29/07/24 au 09/08/24 (12 jours)","line_item","253205"
"795","De la Costa Brava à la Costa Dorada - du 18/07/24 au 29/07/24 (12 jours)","line_item","253215"
"796","Miami - Orlando et les Keys - du 15/08/24 au 23/08/24 (9 jours)","line_item","253231"
"797","Colonie de vacances en Espagne - du 12/07/24 au 23/07/24 (12 jours)","line_item","253232"
"798","Manga sur la Côte d'Azur - du 19/07/24 au 310/07/24 (12 jours)","line_item","253237"
"799","De la Costa Brava à la Costa Dorada - du 18/07/24 au 29/07/24 (12 jours)","line_item","253238"
"800","Val-en-Pré – Sports mécaniques - du 28/07/24 au 11/08/24 (15 jours)","line_item","253242"
"801","La Vie d'Artiste Danse Modern Jazz - du 28/07/24 au 03/08/24 (7 jours)","line_item","253306"
"802","De la Costa Brava à la Costa Dorada - du 18/07/24 au 29/07/24 (12 jours)","line_item","253362"
"803","Avantage CSE","fee","253362"
"804","Île de Zanzibar - du 21/10/24 au 01/11/24 (12 jours)","line_item","253381"
"805","Crète - du 07/08/24 au 21/08/24 (15 jours)","line_item","253387"
"806","100% Passion Équitation - du 19/10/2024 au 26/10/2024 (8 jours)","line_item","253388"
"807","Avantage CSE","fee","253388"
"808","Pilote ton kart - du 19/10/24 au 26/10/24 (8 jours)","line_item","253392"
"809","Île de Zanzibar - du 21/10/24 au 01/11/24 (12 jours)","line_item","253560"
"810","Avantage CSE","fee","253560"
"811","100% Passion Équitation - du 19/10/2024 au 26/10/2024 (8 jours)","line_item","253593"
"812","Avantage CSE","fee","253593"
"813","Val-en-Pré – Sports mécaniques - du 21/10/24 au 25/10/24 (5 jours)","line_item","253596"
"814","Futuroscope & la Vallée des singes - du 19/10/24 au 23/10/24 (5 jours)","line_item","253597"
"815","Futuroscope & la Vallée des singes - du 19/10/24 au 23/10/24 (5 jours)","line_item","253606"
"816","Halloween à Édimbourg - du 28/10/24 au 01/11/24 (5 jours)","line_item","253607"
"817","Val-en-Pré – Sports mécaniques - du 26/10/24 au 02/11/24 (8 jours)","line_item","253861"
"818","Avantage CSE","fee","253861"
"819","100% Passion Équitation - du 19/10/2024 au 26/10/2024 (8 jours)","line_item","254224"
"820","Avantage CSE","fee","254224"
"821","Formanoir – Équitation & Cuisine - du 26/10/24 au 02/11/24 (8 jours)","line_item","254365"
"822","Formanoir – Équitation & Cuisine - du 26/10/24 au 02/11/24 (8 jours)","line_item","254366"
"823","Le plein de ski à Morzine-Avoriaz - du 15/02/25 au 22/02/25 (8 jours)","line_item","254962"
"824","Floride - du 15/02/25 au 22/02/25 (8 jours)","line_item","255563"
"825","New York - du 17/02/25 au 23/02/25 (7 jours)","line_item","255564"
"826","Avantage CSE","fee","255564"
"827","Cuba - du 18/02/25 au 26/02/25 (9 jours)","line_item","255574"
"828","Avantage CSE","fee","255574"
"829","Oman - Dubaï - du 15/02/25 au 22/02/25 (8 jours)","line_item","255668"
"830","Jurassik Aventure - noël - du 26/12/24 au 30/12/24 (5 jours)","line_item","255904"
"831","100% glisse - du 23/02/25 au 01/03/25 (7 jours)","line_item","255966"
"832","Au sommet des Carroz - du 08/02/25 au 15/02/25 (8 jours)","line_item","256017"
"833","Grèce - Athènes - du 15/02/25 au 21/02/25 (7 jours)","line_item","256258"
"834","L'Or blanc Andorran - du 16/02/25 au 22/02/25 (7 jours)","line_item","256281"
"835","Ski Plaisir - du 22/02/25 au 01/03/25 (8 jours)","line_item","256282"
"836","Avantage CSE","fee","256282"
"837","Équitation, Graines d'Artistes et Vie de la Ferme - du 26/07/25 au 02/08/25 (8 jours)","line_item","256321"
"838","Avantage CSE","fee","256321"
"839","Sports de Montagne - du 26/07/25 au 02/08/25 (8 jours)","line_item","256322"
"840","Avantage CSE","fee","256322"
"841","Tout Schuss à Valloire (6/13 ans) - du 23/02/25 au 01/03/25 (7 jours)","line_item","256366"
"842","100% Passion Équitation - du 26/07/25 au 02/08/25 (8 jours)","line_item","256373"
"843","Avantage CSE","fee","256373"
"844","Sports pleine Nature - du 26/07/25 au 02/08/25 (8 jours)","line_item","256374"
"845","Avantage CSE","fee","256374"
"846","Québec vs Montréal : le match - du 11/07/25 au 24/07/25 (14 jours)","line_item","256375"
"847","Anglais en famille à Bournemouth - printemps - du 19/04/25 au 26/04/25 (8 jours)","line_item","256447"
"848","USA Côte Ouest - du 03/08/25 au 21/08/25 (19 jours)","line_item","256502"
"849","Barcelone et Port Aventura - du 07/07/25 au 11/07/25 (5 jours)","line_item","256503"
"850","Les ptits baroudeurs - Vulcania - du 14/04/25 au 17/04/25 (4 jours)","line_item","256585"
"851","Chapelle d'Abondance - du 15/02/25 au 22/02/25 (8 jours)","line_item","256591"
"852","Avantage CSE","fee","256591"
"855","Ski ou Snow Académie - du 23/02/25 au 01/03/25 (7 jours)","line_item","256632"
"858","Tokyo - du 15/02/25 au 22/02/25 (8 jours)","line_item","256679"
"859","Floride - du 08/02/25 au 15/02/25 (8 jours)","line_item","256680"
"864","Center Parcs - Bois aux Daims - du 17/02/25 au 21/02/25 (5 jours)","line_item","256685"
"865","Sports de Montagne - du 12/07/25 au 19/07/25 (8 jours)","line_item","256690"
"866","Majorque - du 09/07/25 au 23/07/25 (15 jours)","line_item","257027"
"867","Gliss Camp à Anglet - Planet' Gliss - du 03/08/25 au 16/08/25 (14 jours)","line_item","257340"
"868","Boucle du Sud - du 04/08/25 au 18/08/25 (15 jours)","line_item","257360"
"869","L'american Dream - du 08/08/25 au 22/08/25 (15 jours)","line_item","257364"
"957","Foot et Nature - du 12/04/25 au 19/04/25 (8 jours)","line_item","257592"
"958","Cani-rando - du 20/07/25 au 26/07/25 (7 jours)","line_item","257593"
"959","Avantage CSE","fee","257593"
"873","Esprit Indien - du 06/07/25 au 12/07/25 (7 jours)","line_item","257380"
"874","Esprit Indien - du 06/07/25 au 12/07/25 (7 jours)","line_item","257381"
"960","Île de Zanzibar - du 11/07/25 au 25/07/25 (15 jours)","line_item","257594"
"961","Center Parcs - Bois aux Daims - du 18/08/25 au 22/08/25 (5 jours)","line_item","257595"
"962","Foot et Nature - du 05/07/25 au 12/07/25 (8 jours)","line_item","257597"
"963","Maroc - du 05/08/25 au 14/08/25 (10 jours)","line_item","257598"
"967","Paradise Med - du 04/08/25 au 17/08/25 (14 jours)","line_item","257607"
"968","Paradise Med - du 04/08/25 au 17/08/25 (14 jours)","line_item","257608"
"969","Avantage CSE","fee","257608"
"977","English camp en collège anglais - du 05/08/25 au 19/07/25 (15 jours)","line_item","257640"
"978","Formanoir – Équitation & Cuisine - du 10/08/25 au 24/08/25 (15 jours)","line_item","257641"
"979","Formanoir – Équitation & Cuisine - du 03/08/25 au 17/08/25 (15 jours)","line_item","257642"
"980","Anglais et activités en famille d'accueil - du 14/07/25 au 25/07/25 (12 jours)","line_item","257643"
"981","Avantage CSE","fee","257643"
"982","Formanoir – Équitation & Cuisine - du 20/07/25 au 27/07/25 (8 jours)","line_item","257644"
"993","Sous le soleil de Saint-Raphaël - du 01/08/25 au 12/08/25 (12 jours)","line_item","258023"
"994","Majorque - du 09/07/25 au 23/07/25 (15 jours)","line_item","258033"
"995","Multiactivités à la montagne - du 04/08/25 au 15/08/25 (12 jours)","line_item","258034"
"996","Bali (18-25 ans) - du 09/07/25 au 23/07/25 (15 jours)","line_item","258037"
"997","Avantage CSE","fee","258037"
"985","Egypte (18-25 ans) - du 11/07/25 au 24/07/25 (14 jours)","line_item","257648"
"986","Destination Côte d'Azur - du 01/08/25 au 12/08/25 (12 jours)","line_item","257709"
"987","Avantage CSE","fee","257709"
"988","Corse aventure - du 10/07/25 au 28/07/25 (19 jours)","line_item","257710"
"989","Corse Multi Fun - du 09/07/25 au 22/07/25 (14 jours)","line_item","257752"
"990","Gliss Camp à Anglet - Planet' Gliss - du 20/07/25 au 26/07/25 (7 jours)","line_item","258019"
"1000","Gliss Camp à Anglet - Planet' Gliss - du 20/07/25 au 26/07/25 (7 jours)","line_item","258089"
"956","USA Côte Est - du 05/08/25 au 23/08/25 (19 jours)","line_item","257591"
"955","Majorque - du 08/08/25 au 22/08/25 (15 jours)","line_item","257460"
"1014","Foot et Nature - du 19/07/25 au 02/08/25 (15 jours)","line_item","258214"
"1001","Algarve - du 06/07/25 au 20/07/25 (15 jours)","line_item","258090"
"1015","Berlin & Prague - du 06/08/25 au 20/08/25 (15 jours)","line_item","258215"
"1004","ASC - Planet' Manga - du 13/04/25 au 19/04/25 (7 jours)","line_item","258104"
"1005","Algarve - du 05/08/25 au 19/08/25 (15 jours)","line_item","258113"
"1006","Algarve - du 06/07/25 au 20/07/25 (15 jours)","line_item","258114"
"1007","Les Canaries - du 10/07/25 au 24/07/25 (15 jours)","line_item","258117"
"1008","Albanie Corfou - du 09/07/25 au 23/07/25 (15 jours)","line_item","258118"
"1009","Italie du sud – Les Pouilles - du 09/07/25 au 23/07/25 (15 jours)","line_item","258120"
"1010","Équitation, Graines d'Artistes et Vie de la Ferme - du 09/08/25 au 16/08/25 (8 jours)","line_item","258142"
"1011","Ecozonia : découverte d’un parc zoologique - du 09/08/25 au 16/08/25 (8 jours)","line_item","258143"
"1016","Passion Danse Classique - du 05/07/25 au 16/07/25 (12 jours)","line_item","258345"
"1017","Avantage CSE","fee","258345"
"1018","Egypte - du 05/08/25 au 18/08/25 (14 jours)","line_item","258374"
"1019","Japon - du 12/08/25 au 26/08/25 (15 jours)","line_item","258398"
"1020","Afrique du sud - 14j - du 01/08/25 au 14/08/25 (14 jours)","line_item","258399"
"1021","Maroc - du 13/07/25 au 22/07/25 (10 jours)","line_item","258408"
"1022","Shooting Photo - du 03/08/25 au 14/08/25 (12 jours)","line_item","258446"
"1023","Avantage CSE","fee","258446"
"1024","Formanoir – Équitation & Cuisine - du 27/07/25 au 10/08/25 (15 jours)","line_item","258449"
"1025","Amsterdam - du 07/07/25 au 11/07/25 (5 jours)","line_item","258454"
"1026","USA Côte Est - du 08/07/25 au 26/07/25 (19 jours)","line_item","258635"
"1027","Crète - du 11/07/25 au 25/07/25 (15 jours)","line_item","258673"
"1054","Thaïlande - Sanctuaire des éléphants - du 13/07/25 au 27/07/25 (15 jours)","line_item","258977"
"1030","Crète - du 11/07/25 au 25/07/25 (15 jours)","line_item","258679"
"1031","Avantage CSE","fee","258679"
"1032","La Vie d'Artiste Théâtre - du 06/07/25 au 12/07/25 (7 jours)","line_item","258693"
"1033","Terra Corsica (18-25 ans) - du 15/07/25 au 28/07/25 (14 jours)","line_item","258711"
"1034","Set DJ Mix - du 20/07/25 au 31/07/25 (12 jours)","line_item","258712"
"1035","Londres Harry Potter - du 07/07/25 au 11/07/25 (5 jours)","line_item","258731"
"1036","Mangakas - du 03/08/25 au 14/08/25 (12 jours)","line_item","258745"
"1037","Thaïlande - Sanctuaire des éléphants - du 13/07/25 au 27/07/25 (15 jours)","line_item","258761"
"1038","Crète - 14j - du 10/07/25 au 23/07/25 (14 jours)","line_item","258764"
"1039","Comme un Chef ! - du 20/07/25 au 31/07/25 (12 jours)","line_item","258772"
"1040","Avantage CSE","fee","258772"
"1041","Grèce Cyclades - du 09/07/25 au 22/07/25 (14 jours)","line_item","258788"
"1042","Avantage CSE","fee","258788"
"1043","Grèce Cyclades - du 09/07/25 au 22/07/25 (14 jours)","line_item","258790"
"1044","La Source – Mes premiers galops et mon premier potager - du 06/07/25 au 13/07/25 (8 jours)","line_item","258813"
"1045","Set DJ Mix - du 05/07/25 au 16/07/25 (12 jours)","line_item","258824"
"1046","New York Happy New Year - du 27/12/25 au 03/01/26 (8 jours)","line_item","258826"
"1047","Gliss Camp à Anglet - Planet' Surf - du 13/07/25 au 19/07/25 (7 jours)","line_item","258833"
"1048","Esprit Indien - du 17/08/25 au 23/08/25 (7 jours)","line_item","258839"
"1049","Manga sur la Côte d'Azur - du 05/07/25 au 16/07/25 (12 jours)","line_item","258859"
"1050","Grèce Cyclades - Du 07/07/2025 au 20/07/2025 (14 jours)","line_item","258890"
"1051","Gliss Camp à Anglet - Planet' Surf - du 13/07/25 au 19/07/25 (7 jours)","line_item","258967"
"1052","Avantage CSE","fee","258967"
"1053","Bali - du 09/07/25 au 23/07/25 (15 jours)","line_item","258971"
"1055","Anglais et activités en famille d'accueil - du 11/08/25 au 22/08/25 (12 jours)","line_item","258987"
"1056","Avantage CSE","fee","258987"
"1057","Passion Magie - du 20/07/25 au 31/07/25 (12 jours)","line_item","258997"
"1058","Avantage CSE","fee","258997"
"1059","Passion Danse Classique - du 03/08/25 au 14/08/25 (12 jours)","line_item","259020"
"1060","La Source – Mes premiers galops et mon premier potager - du 13/07/25 au 20/07/25 (8 jours)","line_item","259083"
"1061","Sports de Montagne - du 02/08/25 au 09/08/25 (8 jours)","line_item","259115"
"1062","Ma première colo aux portes de Paris - du 04/08/25 au 08/08/25 (5 jours)","line_item","259120"
"1063","Foot et Nature - du 05/07/25 au 12/07/25 (8 jours)","line_item","259122"
"1067","Bali - du 09/07/25 au 23/07/25 (15 jours)","line_item","259278"
"1068","Avantage CSE","fee","259278"
"1069","Londres Harry Potter - du 07/07/25 au 11/07/25 (5 jours)","line_item","259301"
"1114","Egypte - du 20/10/25 au 31/10/25 (12 jours)","line_item","261251"
"1099","Strasbourg, Europa Park &amp; Rulantica - du 20/10/25 au 24/10/25 (5 jours)","line_item","259763"
"1115","Ski ESF - du 21/02/26 au 27/02/26 (7 jours)","line_item","261252"
"1116","Avantage CSE","fee","261252"
"1224","New York - Happy New Year - du 27/12/25 au 03/01/26 (8 jours)","line_item","262400"
"1104","Esprit Indien - du 13/07/25 au 19/07/25 (7 jours)","line_item","260096"
"1106","Costa Rica et Panama - du 04/08/25 au 22/08/25 (19 jours)","line_item","260101"
"1109","Crète Camping - 14j - du 17/07/25 au 30/07/25 (14 jours)","line_item","260407"
"1110","Grèce Cyclades - du 06/08/25 au 19/08/25 (14 jours)","line_item","260507"
"1111","Surf Camp - du 03/08/25 au 09/08/25 (7 jours)","line_item","260691"
"1112","Val-en-Pré – Sports mécaniques - du 10/08/25 au 17/08/25 (8 jours)","line_item","260885"
"1113","VTT à Morzine - du 04/08/25 au 14/08/25 (11 jours)","line_item","261034"
"1225","Avantage CSE","fee","262400"
"1186","Corée du Sud - (Petite saison) - du 20/10/25 au 01/11/25 (12 jours)","line_item","262308"
"1188","Happy New York - du 27/12/25 au 02/01/26 (7 jours)","line_item","262346"
"1189","Avantage CSE","fee","262346"
"1242","New York - Halloween - du 27/10/25 au 02/11/25 (7 jours)","line_item","262646"
"1285","Ski & Chiens de traineaux - du 22/02/26 au 28/02/26 (7 jours)","line_item","263224"
"1249","Avantage CSE","fee","262662"
"1250","Multiactivités Neige et Montagne - du 14/02/26 au 28/02/26 (15 jours)","line_item","262665"
"1252","Collet d'Allevard - du 22/02/26 au 28/02/26 (7 jours)","line_item","262740"
"1253","Avantage CSE","fee","262740"
"1254","Serre Che Experience - du 21/02/26 au 28/02/26 (8 jours)","line_item","262752"
"1255","Avantage CSE","fee","262752"
"1256","La Mongie 100% gliss' - du 15/02/26 au 21/02/26 (7 jours)","line_item","262755"
"1257","Avantage CSE","fee","262755"
"1282","Glisse et Fun aux Sybelles (6-13 ans) - du 15/02/26 au 21/02/26 (7 jours)","line_item","263116"
"1283","Avantage CSE","fee","263116"
"1284","Le glacier de Saas Fee - du 21/02/26 au 28/02/26 (8 jours)","line_item","263126"
"1490","Conduite Accompagnée à Roissard - du 19/04/26 au 02/05/26 (14 jours)","line_item","263271"
"1491","Stage BAFA - Formation générale - du 18/04/26 au 25/04/26 (8 jours)","line_item","263272"
"1492","Multiactivités Neige et Montagne - du 07/02/26 au 14/02/26 (8 jours)","line_item","263283"
"1493","Avantage CSE","fee","263283"
"1494","Multiactivités Neige et Montagne - du 07/02/26 au 14/02/26 (8 jours)","line_item","263284"
"1495","Floride - du 21/02/26 au 28/02/26 (8 jours)","line_item","263285"
"1496","Avantage CSE","fee","263285"
"1497","Séoul & les temples - du 22/02/26 au 01/03/26 (8 jours)","line_item","263286"
"1498","Avantage CSE","fee","263286"
"1499","Oman - du 21/02/26 au 01/03/26 (9 jours)","line_item","263287"
"1500","Avantage CSE","fee","263287"
"1501","Los Angeles - du 21/02/26 au 28/02/26 (8 jours)","line_item","263288"
"1502","Avantage CSE","fee","263288"
"1503","Aventure blanche en Bulgarie - du 21/02/26 au 28/02/26 (8 jours)","line_item","263477"
"1504","Avantage CSE","fee","263477"
"1505","Aventure blanche en Bulgarie - du 21/02/26 au 28/02/26 (8 jours)","line_item","263478"
"1506","Avantage CSE","fee","263478"
"1589","Ecozonia : découverte d’un parc zoologique - du 18/04/26 au 25/04/26 (8 jours)","line_item","263887"
"1590","Avantage CSE","fee","263887"
"1591","Foot et Nature - du 18/04/26 au 25/04/26 (8 jours)","line_item","263888"
"1592","Avantage CSE","fee","263888"
"1599","The Dubliner experience - du 06/07/26 au 17/07/26 (12 jours)","line_item","263889"
"1600","Avantage CSE","fee","263889"
"1601","Anglais et activités en famille d'accueil -1 francophone par famille - du 06/07/26 au 17/07/26 (12 jours)","line_item","264037"
"1602","Avantage CSE","fee","264037"
"1603","Brésil Carnaval - du 14/02/26 au 22/02/26 (9 jours)","line_item","264038"
"1604","New York - du 18/04/26 au 25/04/26 (8 jours)","line_item","264039"
"1605","L'Or blanc Andorran - du 22/02/26 au 28/02/26 (7 jours)","line_item","264040"
"1606","Avantage CSE","fee","264040"
"1607","Ma première colo aux portes de Paris - du 23/02/26 au 27/02/26 (5 jours)","line_item","264041"
"1608","Ma première colo aux portes de Paris - du 23/02/26 au 27/02/26 (5 jours)","line_item","264042"
"1609","Les 2 alpes - du 14/02/26 au 21/02/26 (8 jours)","line_item","264044"
"1610","Foot et Nature - du 18/04/26 au 25/04/26 (8 jours)","line_item","264046"
"1611","L'Aventure Blanche - du 14/02/26 au 21/02/26 (8 jours)","line_item","264047"
"1612","Avantage CSE","fee","264047"
"1613","De Tokyo à Osaka - du 06/07/26 au 17/07/26 (12 jours)","line_item","264048"
"1614","New York (18-25 ans) - du 18/04/26 au 24/04/26 (7 jours)","line_item","264049"
"1615","Biathlon en Vercors - du 14/02/26 au 21/02/26 (8 jours)","line_item","264050"
"1616","New York - du 18/04/26 au 25/04/26 (8 jours)","line_item","264051"
"1617","Saint Lary - du 01/03/26 au 07/03/26 (7 jours)","line_item","264054"
"1618","Tout Schuss - du 14/02/26 au 21/02/26 (8 jours)","line_item","264055"
"1619","Avantage CSE","fee","264055"
"1620","L'Aventure Blanche - du 14/02/26 au 21/02/26 (8 jours)","line_item","264056"
"1621","Avantage CSE","fee","264056"
"1635","Ténérife - du 06/07/26 au 20/07/26 (15 jours)","line_item","264322"
"1636","Ecozonia : découverte d’un parc zoologique - du 25/04/26 au 02/05/26 (8 jours)","line_item","264482"
"1687","Destination Côte d'Azur - du 07/08/26 au 18/08/26 (12 jours)","line_item","265315"
"1794","Anglais et activités en famille d'accueil -1 francophone par famille - du 03/08/26 au 14/08/26 (12 jours)","line_item","268543"
"1641","Quad et Nature - du 01/08/26 au 15/08/26 (15 jours)","line_item","264695"
"1642","Kart ou pas Cap ! - du 09/08/26 au 15/08/26 (7 jours)","line_item","264790"
"1643","Voyage engagé à Bali (18-25 ans) - du 13/07/26 au 25/07/26 (13 jours)","line_item","265120"
"1808","Ferme de l'Aoueille - du 06/07/26 au 10/07/26 (5 jours)","line_item","268803"
"1809","Avantage CSE","fee","268803"
"1855","Corse aventure - du 13/07/26 au 31/07/26 (19 jours)","line_item","269615"
"1856","Formanoir – Équitation & Cuisine - du 05/07/26 au 12/07/26 (8 jours)","line_item","269616"
"1738","Futuroscope & la Vallée des singes - du 20/04/26 au 24/04/26 (5 jours)","line_item","268113"
"1792","Perf Rugby, Beach and Surf by le Stade Toulousain - du 19/07/26 au 25/07/26 (7 jours)","line_item","268516"
"1733","Japon - Tokyo - du 11/07/26 au 24/07/26 (14 jours)","line_item","268007"
"1731","Majorque, l'île aux trésors ! - du 18/04/26 au 25/04/26 (8 jours)","line_item","267957"
"1732","Afrique du sud - 14j - du 03/08/26 au 16/08/26 (14 jours)","line_item","268002"
"1729","Formanoir – Équitation & Cuisine - du 16/08/26 au 23/08/26 (8 jours)","line_item","267469"
"1728","Les pieds sur Terre, la Tête dans les nuages - du 22/08/26 au 29/08/26 (8 jours)","line_item","267345"
"1727","Les pieds sur Terre, la Tête dans les nuages - du 22/08/26 au 29/08/26 (8 jours)","line_item","267338"
"1726","Espagne - Viva Catalane - du 06/07/26 au 20/07/26 (15 jours)","line_item","266745"
"1712","Corée du Sud - (Petite saison) - du 13/04/26 au 24/04/26 (12 jours)","line_item","266665"
"1707","Anglais et activités en famille d'accueil - du 11/04/26 au 18/04/26 (8 jours)","line_item","266122"
"1698","Quad et Nature - du 18/07/26 au 25/07/26 (8 jours)","line_item","265380"
"1697","100% Passion Équitation - du 18/07/26 au 25/07/26 (8 jours)","line_item","265378"
"1666","De Tokyo à Osaka (18-25 ans) - du 03/08/26 au 14/08/26 (12 jours)","line_item","265180"
"1688","Avantage CSE","fee","265315"
"1706","Quad et Nature - du 25/07/26 au 01/08/26 (8 jours)","line_item","266087"
"1699","De Tokyo à Osaka (18-25 ans) - du 03/08/26 au 14/08/26 (12 jours)","line_item","265489"
"1700","Val-en-Pré – Sports mécaniques - du 18/04/26 au 25/04/26 (8 jours)","line_item","265599"
"1701","Sports pleine Nature - du 25/07/26 au 01/08/26 (8 jours)","line_item","266084"
"1702","Avantage CSE","fee","266084"
"1703","Ecozonia : découverte d’un parc zoologique - du 25/07/26 au 01/08/26 (8 jours)","line_item","266085"
"1704","Avantage CSE","fee","266085"
"1705","Sports pleine Nature - du 25/07/26 au 01/08/26 (8 jours)","line_item","266086"
"1796","Anglais et activités en famille d'accueil -1 francophone par famille - du 03/08/26 au 14/08/26 (12 jours)","line_item","268616"
"1829","Futurland - du 11/04/26 au 18/04/26 (8 jours)","line_item","269061"
"1828","Formanoir – Équitation & Cuisine - du 05/07/26 au 12/07/26 (8 jours)","line_item","269060"
"1798","Quad et Nature - du 04/07/26 au 11/07/26 (8 jours)","line_item","268654"
"1850","De Tokyo à Osaka (18-25 ans) - du 03/08/26 au 14/08/26 (12 jours)","line_item","269353"
"1851","La colo Rugby by le Stade Toulousain - du 05/07/26 au 11/07/26 (7 jours)","line_item","269548"
"1819","Gliss Camp à Anglet - Planet' Gliss - du 12/07/26 au 18/07/26 (7 jours)","line_item","268906"
"1852","Anglais et activités en famille d'accueil - 2 francophone par famille - du 03/08/26 au 14/08/26 (12 jours)","line_item","269604"
"1830","Gliss Camp à Anglet - Planet' Gliss - du 02/08/26 au 15/08/26 (14 jours)","line_item","269086"
"1854","Brésil - du 07/08/26 au 20/08/26 (14 jours)","line_item","269614"
"1770","Ma passion en colo - As des Pilotes - du 19/07/26 au 25/07/26 (7 jours)","line_item","268425"
"1771","Avantage CSE","fee","268425"
"1795","Puy du Fou & Futuroscope - du 27/04/26 au 01/05/26 (5 jours)","line_item","268587"
"1773","Djerba et le sud tunisien - du 18/04/26 au 24/04/26 (7 jours)","line_item","268430"
"1774","Paradise Med - du 06/07/26 au 19/07/26 (14 jours)","line_item","268436"
"1853","Barcelone et Port Aventura - du 20/04/26 au 24/04/26 (5 jours)","line_item","269613"
"1837","Ma première colo aux portes de Paris - du 20/04/26 au 24/04/26 (5 jours)","line_item","269281"
"1840","De Tokyo à Osaka - du 03/08/26 au 14/08/26 (12 jours)","line_item","269283"
"1839","Pilote ton Kart ! - du 18/04/26 au 25/04/26 (8 jours)","line_item","269282"
"1841","Avantage CSE","fee","269283"
"1857","Sports pleine Nature - du 11/07/26 au 18/07/26 (8 jours)","line_item","269619"
"1858","Espagne - Viva Catalane - du 13/07/26 au 27/07/26 (15 jours)","line_item","269620"
"1859","Majorque - du 10/07/26 au 21/07/26 (12 jours)","line_item","269621"
"1860","Majorque - du 10/07/26 au 21/07/26 (12 jours)","line_item","269622"
"1861","Parkour sensation à Anglet - du 19/07/26 au 25/07/26 (7 jours)","line_item","269623"
"1862","Barcelone et Port Aventura - du 13/07/26 au 17/07/26 (5 jours)","line_item","269624"
"1863","Ouest Américain - du 09/07/26 au 27/07/26 (19 jours)","line_item","269626"
"1864","Corée du sud (18-25 ans) - du 09/07/26 au 23/07/26 (15 jours)","line_item","269627"
"1865","Avantage CSE","fee","269623"
"1866","Corse aventure - du 13/07/26 au 31/07/26 (19 jours)","line_item","269628"
"1867","Inde Rajasthan - du 05/08/26 au 19/08/26 (15 jours)","line_item","269629"
"1868","Avantage CSE","fee","269629"
"1869","USA Côte Ouest - du 03/08/26 au 21/08/26 (19 jours)","line_item","269630"
"1872","USA Côte Ouest - du 06/08/26 au 24/08/26 (19 jours)","line_item","269657"
"1873","Evasion en Méditerranée - du 20/07/26 au 30/07/26 (11 jours)","line_item","269662"
"1874","Avantage CSE","fee","269662"
"1875","Paris – Stockholm en train - du 07/07/26 au 20/07/26 (14 jours)","line_item","269663"
"1888","Les Terrasses – Cavaliers en herbe et petits fermiers - du 17/08/26 au 21/08/26 (5 jours)","line_item","269684"
"1884","Japon - du 13/07/26 au 27/07/26 (15 jours)","line_item","269668"
"1885","Sports pleine Nature - du 04/07/26 au 11/07/26 (8 jours)","line_item","269669"
"1886","Japon - du 13/07/26 au 27/07/26 (15 jours)","line_item","269670"
"1887","Formanoir – Équitation & Cuisine - du 19/07/26 au 26/07/26 (8 jours)","line_item","269683"
"1889","Formanoir – Équitation & Cuisine - du 26/07/26 au 09/08/26 (15 jours)","line_item","269731"
"1890","100% Passion Équitation - du 11/07/26 au 25/07/26 (15 jours)","line_item","269733"
"1891","Équitation, Graines d'Artistes et Vie de la Ferme - du 08/08/26 au 22/08/26 (15 jours)","line_item","269750"
"1892","Sports pleine Nature - du 08/08/26 au 22/08/26 (15 jours)","line_item","269751"
"1893","Terra Corsica (18-25 ans) - du 04/08/26 au 17/08/26 (14 jours)","line_item","269752"
"1894","Terra Corsica (18-25 ans) - du 16/07/26 au 29/07/26 (14 jours)","line_item","269755"
"1896","Inde solidaire (18-25 ans) - du 02/08/26 au 22/08/26 (21 jours)","line_item","269760"
"1897","Vietnam - Cambodge - Thaïlande (18-25 ans) - du 04/08/26 au 24/08/26 (21 jours)","line_item","269761"
"1898","Paradise Med - du 20/07/26 au 02/08/26 (14 jours)","line_item","269762"
"1899","Deviens astronaute - du 02/08/26 au 08/08/26 (7 jours)","line_item","269763"
"1900","Formanoir – Équitation & Cuisine - du 05/07/26 au 12/07/26 (8 jours)","line_item","269809"
"1903","Ecozonia : découverte d’un parc zoologique - du 25/07/26 au 01/08/26 (8 jours)","line_item","270074"
"1904","Val-en-Pré – Sports mécaniques - du 23/08/26 au 28/08/26 (6 jours)","line_item","270272"
"1905","New York City - du 09/07/26 au 15/07/26 (7 jours)","line_item","270421"
"1906","Ma passion en colo - As des Pilotes - du 19/07/26 au 25/07/26 (7 jours)","line_item","270531"
"1907","Ouest Américain (18-25 ans) - du 06/08/26 au 24/08/26 (19 jours)","line_item","270577"
"1908","Paradise Med - du 03/08/26 au 16/08/26 (14 jours)","line_item","270633"
"1909","Les pieds sur Terre, la Tête dans les nuages - du 04/07/26 au 11/07/26 (8 jours)","line_item","270757"
"1910","Les pieds sur Terre, la Tête dans les nuages - du 18/07/26 au 25/07/26 (8 jours)","line_item","270758"
"1911","Ecozonia : découverte d’un parc zoologique - du 25/07/26 au 01/08/26 (8 jours)","line_item","270769"
"1912","Ecozonia : découverte d’un parc zoologique - du 25/07/26 au 01/08/26 (8 jours)","line_item","270779"
"1913","Ecozonia : découverte d’un parc zoologique - du 25/07/26 au 01/08/26 (8 jours)","line_item","270780"
"1914","Les p’tits loups de mer - du 12/07/26 au 18/07/26 (7 jours)","line_item","270973"
"1915","Ma passion en colo - La chimie déjantée avec Scientif'X - du 19/07/26 au 25/07/26 (7 jours)","line_item","270974"
"1916","La Source – Mes premiers galops et mon premier potager - du 09/08/26 au 23/08/26 (15 jours)","line_item","271066"
"1917","Je réalise mon film d'animation - du 06/07/26 au 15/07/26 (10 jours)","line_item","271201"
"1918","Avantage CSE","fee","271201"
"1923","Surf au Maroc - du 07/07/26 au 18/07/26 (12 jours)","line_item","271274"
"1919","Avantage CSE","fee","271255"
"1922","Surf au Maroc - du 07/07/26 au 18/07/26 (12 jours)","line_item","271273"
"1932","Majorque - du 10/07/26 au 21/07/26 (12 jours)","line_item","271299"
"1929","Ma passion en colo - As des Pilotes - du 19/07/26 au 25/07/26 (7 jours)","line_item","271285"
"1930","Ma passion en colo - As des Pilotes - du 19/07/26 au 25/07/26 (7 jours)","line_item","271286"
"1931","Bali - du 09/07/26 au 23/07/26 (15 jours)","line_item","271295"
"1944","Foot et Nature - du 01/08/26 au 15/08/26 (15 jours)","line_item","271360"
"1935","La Source – Mes premiers galops et mon premier potager - du 09/08/26 au 23/08/26 (15 jours)","line_item","271339"
"1936","Ténérife - du 06/07/26 au 20/07/26 (15 jours)","line_item","271340"
"1937","Espagne : l'Auberge Espagnole - du 14/08/26 au 24/08/26 (11 jours)","line_item","271341"
"1938","Espagne - Viva Catalane - du 13/07/26 au 27/07/26 (15 jours)","line_item","271342"
"1939","Espagne - Viva Catalane - du 13/07/26 au 27/07/26 (15 jours)","line_item","271343"
"1940","Grèce Cyclades - du 12/07/26 au 25/07/26 (14 jours)","line_item","271356"
"1941","Explor'ados - du 04/07/26 au 15/07/26 (12 jours)","line_item","271357"
"1942","Grèce Cyclades - du 12/07/26 au 25/07/26 (14 jours)","line_item","271358"
"1943","Explor'ados - du 04/07/26 au 15/07/26 (12 jours)","line_item","271359"
"1945","Mes Vacances à la Montagne - du 05/07/26 au 11/07/26 (7 jours)","line_item","271362"
"1946","Les Terrasses – Cavaliers en herbe et petits fermiers - du 06/07/26 au 10/07/26 (5 jours)","line_item","271363"
"1947","Académie Foot USC by L'US Colomiers - du 07/08/26 au 18/08/26 (12 jours)","line_item","271366"
"1950","Ténérife - du 06/07/26 au 20/07/26 (15 jours)","line_item","271379"
"1951","Bali (18-25 ans) - du 09/07/26 au 23/07/26 (15 jours)","line_item","271383"
"1952","Pégomas - Côte d'Azur Multi-Activités - du 18/08/26 au 24/08/26 (7 jours)","line_item","271388"
"1953","Avantage CSE","fee","271388"
"1954","Ténérife - du 06/07/26 au 20/07/26 (15 jours)","line_item","271655"
"1955","Terra Corsica (18-25 ans) - du 16/07/26 au 29/07/26 (14 jours)","line_item","272131"
"1956","Ma passion en colo - Passion Équitation - du 12/07/26 au 18/07/26 (7 jours)","line_item","272132"
"1957","Avantage CSE","fee","272132"
"1958","Ma passion en colo - As des Pilotes - du 12/07/26 au 18/07/26 (7 jours)","line_item","272154"
"1959","Egypte (18-25 ans) - du 12/07/26 au 25/07/26 (14 jours)","line_item","272269"
"1960","Boucle du Sud - du 13/07/26 au 27/07/26 (15 jours)","line_item","272382"
"1961","Boucle du Sud - du 06/07/26 au 20/07/26 (15 jours)","line_item","272383"
"1962","Malte - du 24/08/26 au 28/08/26 (5 jours)","line_item","272412"
"1963","Avignon & Parc Spirou - du 19/10/26 au 23/10/26 (5 jours)","line_item","272413"
"1964","VTT à Morzine - du 20/07/26 au 30/07/26 (11 jours)","line_item","272420"
"1965","Deviens astronaute - du 02/08/26 au 08/08/26 (7 jours)","line_item","272421"
"1966","Corse aventure - du 13/07/26 au 31/07/26 (19 jours)","line_item","272423"
"1967","Corse aventure - du 13/07/26 au 31/07/26 (19 jours)","line_item","272424"
"1968","Corsica Dream - du 19/07/26 au 31/07/26 (13 jours)","line_item","272427"
"1969","Athènes - du 19/10/26 au 23/10/26 (5 jours)","line_item","272429"
"1970","Soleil et découvertes en Grèce - du 03/08/26 au 14/08/26 (12 jours)","line_item","272430"
"1971","Athènes - du 19/10/26 au 23/10/26 (5 jours)","line_item","272434"
"1972","Malte - du 19/10/26 au 23/10/26 (5 jours)","line_item","272435"
"1973","Ferme de l'Aoueille - du 13/07/26 au 17/07/26 (5 jours)","line_item","272436"
"1974","Albanie Corfou - du 04/08/26 au 18/08/26 (15 jours)","line_item","272472"
"1975","Gliss Camp à Anglet - Planet' Gliss - du 02/08/26 au 08/08/26 (7 jours)","line_item","272564"
"1976","Produit fictif","line_item","0"
"1977","Variation de produit fictive","line_item","0"
"1978","Produit fictif","line_item","0"
"1979","Variation de produit fictive","line_item","0"
"1980","Produit fictif","line_item","0"
"1981","Variation de produit fictive","line_item","0"
"1982","Produit fictif","line_item","0"
"1983","Variation de produit fictive","line_item","0"
"1984","Tunisie (18-25 ans) - du 21/10/26 au 28/10/26 (8 jours)","line_item","272586"
"1985","Parkour sensation à Anglet - du 19/07/26 au 25/07/26 (7 jours)","line_item","272883"
"1986","La Source – Mes premiers galops et mon premier potager - du 09/08/26 au 23/08/26 (15 jours)","line_item","272884"
"1987","Gliss Camp à Anglet - Planet' Surf - du 19/07/26 au 25/07/26 (7 jours)","line_item","272887"
"1988","Val-en-Pré – Équitation au Far-West - du 16/08/26 au 23/08/26 (8 jours)","line_item","272889"
"1989","Espagne - Viva Catalane - du 03/08/26 au 17/08/26 (15 jours)","line_item","272890"
"1990","Paradise Med - du 03/08/26 au 16/08/26 (14 jours)","line_item","272891"
"2001","Sous le soleil de Miami - du 13/02/27 au 19/02/27 (7 jours)","line_item","272936"
"1992","Egypte - du 18/10/26 au 29/10/26 (12 jours)","line_item","272893"
"1993","Les Terrasses – Cavaliers en herbe et petits fermiers - du 17/08/26 au 21/08/26 (5 jours)","line_item","272894"
"1994","Islande - du 18/10/26 au 24/10/26 (7 jours)","line_item","272895"
"2002","Paris est MAGIQUE - du 19/10/26 au 23/10/26 (5 jours)","line_item","272980"
"1996","Gliss Camp à Anglet - Planet' Gliss - du 09/08/26 au 15/08/26 (7 jours)","line_item","272897"
"1997","Zanzibar - du 21/10/26 au 29/10/26 (9 jours)","line_item","272898"
"1998","Équitation, Graines d'Artistes et Vie de la Ferme - du 24/10/26 au 31/10/26 (8 jours)","line_item","272899"
"1999","Zanzibar - du 21/10/26 au 29/10/26 (9 jours)","line_item","272900"
"2000","100% glisse - du 13/02/27 au 19/02/27 (7 jours)","line_item","272901"
